Record ID,Driver/Employee Name,Date,Time,Building/Location,Account #,Bin ID,Waste Stream,Container Type/Size,Fullness Level (%),Photo Taken,Photo URL,Contamination Observed,Contamination Type,Service Completed,Overflow/Material Outside Bin,Damaged Bin/Maintenance Issue,Maintenance Notes,Additional Comments,Service Issue Reason,Submitted At
WC-0001,Jasmine Chen,2026-09-14,6:00,UNIV UNION E.DOCK,202440,202440-R1,Recycling,6YD,75,No,,No,,Yes,No,No,,Requested signage refresh near bin.,,
WC-0002,David Ortiz,2026-09-14,6:15,UNIV UNION E.DOCK,202432,202432-T1,Trash,10YD,50,No,,No,,Yes,No,No,,Coordinated with building manager on placement.,,
WC-0003,David Ortiz,2026-09-14,6:30,DESMOND HALL,201032,201032-T1,Trash,4YD,75,No,,No,,Yes,No,No,,,,
WC-0004,Marcus Alvarez,2026-09-14,7:00,DINING COMMONS,202433,202433-R2,Recycling,8YD,100,No,,No,,Yes,No,No,,"High foot traffic area, monitor closely.",,
WC-0005,Marcus Alvarez,2026-09-14,7:30,AMC NORTH,201033,201033-T1,Trash,4YD,75,No,,No,,Yes,No,No,,,,
WC-0006,Marcus Alvarez,2026-09-14,7:30,AMC NORTH,201033,201033-T2,Trash,4YD,75,No,,No,,Yes,No,No,,Coordinated with building manager on placement.,,
WC-0007,Marcus Alvarez,2026-09-14,7:30,AMC NORTH,201033,201033-R1,Recycling,4YD,50,No,,Yes,Food waste in recycling,Yes,No,No,,,,
WC-0008,Kevin Nguyen,2026-09-14,7:30,BRIGHTON,201009,201009-T1,Trash,4YD,75,No,,No,,Yes,No,No,,Coordinated with building manager on placement.,,
WC-0009,Marcus Alvarez,2026-09-14,7:30,DINING COMMONS,202433,202433-T1,Trash,4YD,100,No,,No,,Yes,No,No,,"High foot traffic area, monitor closely.",,
WC-0010,David Ortiz,2026-09-14,7:45,AQUATIC CENTER,173577,173577-T1,Trash,4YD,50,No,,No,,Yes,No,No,,"High foot traffic area, monitor closely.",,
WC-0011,Marcus Alvarez,2026-09-14,7:45,DINING COMMONS,202433,202433-R1,Recycling,8YD,50,No,,No,,Yes,No,No,,,,
WC-0012,Kevin Nguyen,2026-09-14,8:00,AMC SOUTH,201034,201034-T2,Trash,3YD,75,No,,No,,Yes,No,No,,,,
WC-0013,Kevin Nguyen,2026-09-14,8:15,AMC SOUTH,201034,201034-T1,Trash,3YD,50,No,,No,,Yes,No,No,,,,
WC-0014,Kevin Nguyen,2026-09-14,8:15,AMC SOUTH,201034,201034-R1,Recycling,3YD,50,No,,No,,Yes,No,No,,"High foot traffic area, monitor closely.",,
WC-0015,David Ortiz,2026-09-14,8:15,FOLSOM HALL,202442,202442-T2,Trash,3YD,75,No,,No,,Yes,No,No,,Area around bin was clean.,,
WC-0016,Priya Patel,2026-09-14,8:15,RIVERFRONT CR FL,202426,202426-R1,Recycling,6YD,25,No,,Yes,Mixed trash in recycling,Yes,No,No,,,,
WC-0017,David Ortiz,2026-09-14,8:30,FOLSOM HALL,202442,202442-T1,Trash,3YD,75,No,,No,,Yes,No,Yes,Cracked or leaking body,Coordinated with building manager on placement.,,
WC-0018,Kevin Nguyen,2026-09-14,8:45,AMC SOUTH,201034,201034-T3,Trash,3YD,100,No,,No,,Yes,No,No,,,,
WC-0019,Kevin Nguyen,2026-09-14,8:45,AMC SOUTH,201034,201034-R2,Recycling,3YD,50,No,,Yes,Mixed trash in recycling,Yes,No,No,,,,
WC-0020,David Ortiz,2026-09-14,8:45,FOLSOM HALL,202442,202442-R1,Recycling,3YD,25,No,,No,,Yes,No,No,,,,
WC-0021,David Ortiz,2026-09-14,8:45,FOLSOM HALL,202442,202442-R2,Recycling,3YD,100,No,,No,,Yes,Yes,No,,,,
WC-0022,Marcus Alvarez,2026-09-14,9:00,ALPINE,201003,201003-T1,Trash,4YD,100,No,,No,,Yes,Yes,No,,Requested signage refresh near bin.,,
WC-0023,Marcus Alvarez,2026-09-14,9:00,ALPINE,201003,201003-T2,Trash,4YD,50,No,,No,,Yes,No,No,,,,
WC-0024,Jasmine Chen,2026-09-14,9:00,HOUSINGRIVERVIEW E,201035,201035-R1,Recycling,4YD,50,No,,No,,Yes,No,No,,,,
WC-0025,Jasmine Chen,2026-09-14,9:00,MT WHITNEY,212635,212635-R1,Recycling,3YD,100,No,,Yes,Food waste in recycling,Yes,No,No,,Area around bin was clean.,,
WC-0026,Jasmine Chen,2026-09-14,9:15,HOUSINGRIVERVIEW E,201035,201035-T1,Trash,4YD,0,No,,No,,Yes,No,Yes,Broken or missing lid,,,
WC-0027,Jasmine Chen,2026-09-14,9:15,HOUSINGRIVERVIEW E,201035,201035-T2,Trash,4YD,100,No,,No,,Yes,No,No,,Coordinated with building manager on placement.,,
WC-0028,Kevin Nguyen,2026-09-14,9:15,MENDOCINO,201019,201019-T1,Trash,8YD,75,No,,No,,Yes,No,No,,Coordinated with building manager on placement.,,
WC-0029,Jasmine Chen,2026-09-14,9:15,MT WHITNEY,212635,212635-T2,Trash,4YD,0,No,,No,,Yes,No,No,,Coordinated with building manager on placement.,,
WC-0030,Jasmine Chen,2026-09-14,9:30,MODOC HALL,202475,202475-R1,Recycling,4YD,50,No,,No,,Yes,No,No,,Area around bin was clean.,,
WC-0031,Jasmine Chen,2026-09-14,9:30,MT WHITNEY,212635,212635-T1,Trash,4YD,50,No,,No,,Yes,No,No,,Coordinated with building manager on placement.,,
WC-0032,Jasmine Chen,2026-09-14,9:30,MT WHITNEY,212635,212635-T4,Trash,4YD,75,No,,Yes,Recyclables in trash,Yes,No,No,,,,
WC-0033,David Ortiz,2026-09-14,9:30,RIVERFRONT CR RO,202427,202427-T1,Trash,10YD,25,No,,No,,Yes,No,No,,Requested signage refresh near bin.,,
WC-0034,Kevin Nguyen,2026-09-14,9:45,BASKETBALL FACILIT,212579,212579-R1,Recycling,4YD,50,No,,Yes,Liquids in container,Yes,No,No,,,,
WC-0035,Jasmine Chen,2026-09-14,9:45,HOUSINGRIVERVIEW E,201035,201035-R2,Recycling,4YD,25,No,,Yes,Food waste in recycling,Yes,No,No,,,,
WC-0036,Jasmine Chen,2026-09-14,9:45,MT WHITNEY,212635,212635-T3,Trash,4YD,50,No,,No,,Yes,No,No,,Coordinated with building manager on placement.,,
WC-0037,Jasmine Chen,2026-09-14,9:45,MT WHITNEY,212635,212635-T5,Trash,4YD,75,No,,No,,Yes,No,No,,,,
WC-0038,Priya Patel,2026-09-14,9:45,UNIVERSITY UNION,202251,202251-R1,Recycling,6YD,50,No,,Yes,Mixed trash in recycling,Yes,No,No,,,,
WC-0039,Priya Patel,2026-09-14,9:45,UNIVERSITY UNION,202251,202251-O1,Organics,2YD,,No,,Yes,Non-compostable item in organics,No,Yes,No,,,Vehicle or equipment issue,
WC-0040,David Ortiz,2026-09-14,10:00,BROAD FIELD HOUSE (ATHLETICS),201012,201012-R1,Recycling,4YD,50,No,,Yes,Mixed trash in recycling,Yes,No,No,,,,
WC-0041,Priya Patel,2026-09-14,10:00,RIVERVIEW N,201036,201036-T2,Trash,4YD,50,No,,Yes,Recyclables in trash,Yes,No,No,,,,
WC-0042,David Ortiz,2026-09-14,10:15,BROAD FIELD HOUSE (ATHLETICS),201012,201012-T1,Trash,4YD,100,No,,No,,Yes,No,No,,,,
WC-0043,Priya Patel,2026-09-14,10:15,RIVERVIEW N,201036,201036-T1,Trash,4YD,100,No,,No,,Yes,Yes,No,,,,
WC-0044,Priya Patel,2026-09-14,10:30,RIVERVIEW N,201036,201036-T3,Trash,4YD,100,No,,No,,Yes,Yes,No,,,,
WC-0045,David Ortiz,2026-09-14,10:45,BROAD FIELD HOUSE (ATHLETICS),201012,201012-T2,Trash,4YD,50,No,,No,,Yes,No,No,,Area around bin was clean.,,
WC-0046,Priya Patel,2026-09-14,10:45,RIVERVIEW N,201036,201036-R1,Recycling,4YD,50,No,,Yes,Mixed trash in recycling,Yes,No,No,,,,
WC-0047,Marcus Alvarez,2026-09-14,10:45,SIERRA HALL,201028,201028-T1,Trash,4YD,50,No,,No,,Yes,No,No,,,,
WC-0048,Marcus Alvarez,2026-09-14,10:45,SIERRA HALL,201028,201028-R1,Recycling,4YD,25,No,,No,,Yes,No,No,,Requested signage refresh near bin.,,
WC-0049,Kevin Nguyen,2026-09-14,11:00,KLAMATH HALL,201029,201029-T1,Trash,4YD,,No,,No,,No,No,No,,,Access blocked,
WC-0050,Kevin Nguyen,2026-09-14,11:00,KLAMATH HALL,201029,201029-R1,Recycling,4YD,25,No,,No,,Yes,No,Yes,Graffiti or needs cleaning,,,
WC-0051,Kevin Nguyen,2026-09-14,11:30,BOOKSTORE,202469,202469-R1,Recycling,4YD,75,No,,No,,Yes,No,No,,"High foot traffic area, monitor closely.",,
WC-0052,Jasmine Chen,2026-09-14,12:00,DRAPER HALL,201030,201030-T1,Trash,4YD,100,No,,No,,Yes,No,No,,,,
WC-0053,Priya Patel,2026-09-14,12:00,FM TRAILERS,201046,201046-T3,Trash,5YD,25,No,,No,,Yes,No,No,,,,
WC-0054,Priya Patel,2026-09-14,12:00,FM TRAILERS,201046,201046-O1,Organics,5YD,50,No,,No,,Yes,No,No,,Coordinated with building manager on placement.,,
WC-0055,Priya Patel,2026-09-14,12:00,FM TRAILERS,201046,201046-O3,Organics,5YD,75,No,,No,,Yes,No,No,,,,
WC-0056,Priya Patel,2026-09-14,12:00,FM TRAILERS,201046,201046-O6,Organics,5YD,75,No,,No,,Yes,No,No,,"High foot traffic area, monitor closely.",,
WC-0057,Priya Patel,2026-09-14,12:00,FM TRAILERS,201046,201046-O9,Organics,5YD,100,No,,Yes,Mixed trash in organics,Yes,No,No,,Requested signage refresh near bin.,,
WC-0058,Priya Patel,2026-09-14,12:00,FM TRAILERS,201046,201046-O12,Organics,5YD,50,No,,No,,Yes,No,No,,Area around bin was clean.,,
WC-0059,Jasmine Chen,2026-09-14,12:15,DRAPER HALL,201030,201030-R1,Recycling,4YD,50,No,,No,,Yes,No,No,,,,
WC-0060,Priya Patel,2026-09-14,12:15,FM TRAILERS,201046,201046-T1,Trash,5YD,75,No,,No,,Yes,No,No,,Area around bin was clean.,,
WC-0061,Priya Patel,2026-09-14,12:15,FM TRAILERS,201046,201046-T2,Trash,5YD,75,No,,No,,Yes,No,No,,Coordinated with building manager on placement.,,
WC-0062,Priya Patel,2026-09-14,12:15,FM TRAILERS,201046,201046-T4,Trash,5YD,100,No,,No,,Yes,Yes,No,,"High foot traffic area, monitor closely.",,
WC-0063,Priya Patel,2026-09-14,12:15,FM TRAILERS,201046,201046-O5,Organics,5YD,75,No,,No,,Yes,No,No,,,,
WC-0064,Priya Patel,2026-09-14,12:15,FM TRAILERS,201046,201046-O8,Organics,5YD,50,No,,No,,Yes,No,No,,,,
WC-0065,Priya Patel,2026-09-14,12:30,FM TRAILERS,201046,201046-O7,Organics,5YD,75,No,,No,,Yes,No,No,,,,
WC-0066,Priya Patel,2026-09-14,12:30,FM TRAILERS,201046,201046-O10,Organics,5YD,75,No,,No,,Yes,No,No,,,,
WC-0067,Priya Patel,2026-09-14,12:30,FM TRAILERS,201046,201046-O11,Organics,5YD,25,No,,Yes,Non-compostable item in organics,Yes,No,No,,,,
WC-0068,Priya Patel,2026-09-14,12:45,FM TRAILERS,201046,201046-T5,Trash,5YD,75,No,,No,,Yes,No,No,,,,
WC-0069,Priya Patel,2026-09-14,12:45,FM TRAILERS,201046,201046-O2,Organics,5YD,50,No,,No,,Yes,No,No,,,,
WC-0070,Priya Patel,2026-09-14,12:45,FM TRAILERS,201046,201046-O4,Organics,5YD,50,No,,No,,Yes,No,No,,Area around bin was clean.,,
WC-0071,Marcus Alvarez,2026-09-15,6:00,DOWNTOWN CAMPUS,190408,190408-T1,Trash,2YD,75,No,,No,,Yes,No,No,,,,
WC-0072,Marcus Alvarez,2026-09-15,6:00,DOWNTOWN CAMPUS,190408,190408-O1,Organics,64GAL,75,No,,No,,Yes,No,No,,Coordinated with building manager on placement.,,
WC-0073,Kevin Nguyen,2026-09-15,6:00,LIBRARY - BOOK REC,201744,201744-O2,Organics,64GAL,50,No,,Yes,Mixed trash in organics,Yes,No,No,,,,
WC-0074,Kevin Nguyen,2026-09-15,6:00,SHASTA HALL,201024,201024-T1,Trash,3YD,50,No,,No,,Yes,No,No,,,,
WC-0075,Marcus Alvarez,2026-09-15,6:15,ATHLETIC CENTER (FORM. STUDENT HEALTH),201008,201008-T1,Trash,4YD,50,No,,No,,Yes,No,No,,,,
WC-0076,David Ortiz,2026-09-15,6:15,DESMOND HALL,201032,201032-T1,Trash,4YD,75,No,,No,,Yes,No,No,,Coordinated with building manager on placement.,,
WC-0077,David Ortiz,2026-09-15,6:15,DESMOND HALL,201032,201032-R1,Recycling,4YD,50,No,,No,,Yes,No,No,,Coordinated with building manager on placement.,,
WC-0078,Kevin Nguyen,2026-09-15,6:15,SHASTA HALL,201024,201024-T2,Trash,3YD,100,No,,No,,Yes,Yes,No,,"High foot traffic area, monitor closely.",,
WC-0079,Jasmine Chen,2026-09-15,6:15,UNIV UNION E.DOCK,202440,202440-O2,Organics,64GAL,0,No,,No,,Yes,No,No,,,,
WC-0080,Marcus Alvarez,2026-09-15,6:30,DOWNTOWN CAMPUS,190408,190408-R1,Recycling,90GAL,100,No,,No,,Yes,No,No,,Coordinated with building manager on placement.,,
WC-0081,Kevin Nguyen,2026-09-15,6:30,SHASTA HALL,201024,201024-O1,Organics,64GAL,0,No,,Yes,Mixed trash in organics,Yes,No,No,,,,
WC-0082,Jasmine Chen,2026-09-15,6:30,UNIV UNION E.DOCK,202440,202440-O1,Organics,64GAL,25,No,,No,,Yes,No,No,,,,
WC-0083,Marcus Alvarez,2026-09-15,6:45,ATHLETIC CENTER (FORM. STUDENT HEALTH),201008,201008-O1,Organics,64GAL,25,No,,No,,Yes,No,No,,,,
WC-0084,David Ortiz,2026-09-15,6:45,DESMOND HALL,201032,201032-O1,Organics,64GAL,50,No,,No,,Yes,No,No,,,,
WC-0085,Kevin Nguyen,2026-09-15,6:45,LIBRARY - BOOK REC,201744,201744-O1,Organics,64GAL,25,No,,No,,Yes,No,No,,,,
WC-0086,Kevin Nguyen,2026-09-15,7:00,BRIGHTON,201009,201009-O1,Organics,64GAL,0,No,,No,,Yes,No,No,,Coordinated with building manager on placement.,,
WC-0087,Jasmine Chen,2026-09-15,7:00,SEQUOIA,201025,201025-T1,Trash,4YD,75,No,,No,,Yes,No,No,,,,
WC-0088,Marcus Alvarez,2026-09-15,7:15,AMC NORTH,201033,201033-O2,Organics,64GAL,0,No,,Yes,Non-compostable item in organics,Yes,No,No,,,,
WC-0089,Marcus Alvarez,2026-09-15,7:15,NAPA HALL,202473,202473-O1,Organics,64GAL,0,No,,No,,Yes,No,No,,,,
WC-0090,Jasmine Chen,2026-09-15,7:15,SEQUOIA,201025,201025-T2,Trash,4YD,25,No,,No,,Yes,No,No,,,,
WC-0091,Jasmine Chen,2026-09-15,7:15,SEQUOIA,201025,201025-O1,Organics,64GAL,25,No,,No,,Yes,No,No,,,,
WC-0092,Marcus Alvarez,2026-09-15,7:30,AMC NORTH,201033,201033-T1,Trash,4YD,100,No,,No,,Yes,Yes,No,,Area around bin was clean.,,
WC-0093,Marcus Alvarez,2026-09-15,7:30,AMC NORTH,201033,201033-T2,Trash,4YD,75,No,,No,,Yes,No,No,,,,
WC-0094,Marcus Alvarez,2026-09-15,7:30,AMC NORTH,201033,201033-O1,Organics,64GAL,25,No,,No,,Yes,No,No,,"High foot traffic area, monitor closely.",,
WC-0095,Kevin Nguyen,2026-09-15,8:00,AMC SOUTH,201034,201034-T3,Trash,3YD,50,No,,No,,Yes,No,No,,,,
WC-0096,Priya Patel,2026-09-15,8:00,BAC YARD,204226,204226-O1,Organics,64GAL,50,No,,Yes,Non-compostable item in organics,Yes,No,No,,,,
WC-0097,Jasmine Chen,2026-09-15,8:00,CAPISTRANO,201010,201010-T1,Trash,4YD,0,No,,No,,No,No,No,,,Bin locked or inaccessible,
WC-0098,David Ortiz,2026-09-15,8:00,FOLSOM HALL,202442,202442-T1,Trash,3YD,75,No,,No,,Yes,No,No,,"High foot traffic area, monitor closely.",,
WC-0099,Marcus Alvarez,2026-09-15,8:00,MARIPOSA,201018,201018-R1,Recycling,3YD,0,No,,No,,Yes,No,No,,,,
WC-0100,Kevin Nguyen,2026-09-15,8:15,AMC SOUTH,201034,201034-T2,Trash,3YD,75,No,,No,,Yes,No,No,,,,
WC-0101,Marcus Alvarez,2026-09-15,8:15,MARIPOSA,201018,201018-T2,Trash,3YD,75,No,,No,,Yes,No,No,,Requested signage refresh near bin.,,
WC-0102,Priya Patel,2026-09-15,8:15,RIVERFRONT CR FL,202426,202426-O1,Organics,3YD,75,No,,No,,Yes,No,No,,,,
WC-0103,Priya Patel,2026-09-15,8:15,TAHOE HALL,201026,201026-T2,Trash,3YD,75,No,,No,,Yes,No,No,,,,
WC-0104,Priya Patel,2026-09-15,8:15,TAHOE HALL,201026,201026-O1,Organics,64GAL,50,No,,No,,Yes,No,No,,,,
WC-0105,David Ortiz,2026-09-15,8:30,FOLSOM HALL,202442,202442-T2,Trash,3YD,50,No,,No,,Yes,No,No,,,,
WC-0106,Marcus Alvarez,2026-09-15,8:30,MARIPOSA,201018,201018-T1,Trash,3YD,100,No,,No,,Yes,Yes,No,,,,
WC-0107,Priya Patel,2026-09-15,8:30,TAHOE HALL,201026,201026-T1,Trash,3YD,75,No,,No,,Yes,No,No,,Coordinated with building manager on placement.,,
WC-0108,Priya Patel,2026-09-15,8:30,TAHOE HALL,201026,201026-T3,Trash,3YD,50,No,,No,,Yes,No,No,,"High foot traffic area, monitor closely.",,
WC-0109,Kevin Nguyen,2026-09-15,8:45,AMC SOUTH,201034,201034-T1,Trash,3YD,75,No,,No,,Yes,No,No,,,,
WC-0110,Jasmine Chen,2026-09-15,8:45,CAPISTRANO,201010,201010-O1,Organics,64GAL,25,No,,No,,Yes,No,No,,Area around bin was clean.,,
WC-0111,David Ortiz,2026-09-15,8:45,FOLSOM HALL,202442,202442-O1,Organics,64GAL,50,No,,No,,Yes,No,No,,,,
WC-0112,Marcus Alvarez,2026-09-15,8:45,MARIPOSA,201018,201018-R2,Recycling,3YD,50,No,,No,,Yes,No,No,,"High foot traffic area, monitor closely.",,
WC-0113,Marcus Alvarez,2026-09-15,8:45,MARIPOSA,201018,201018-O1,Organics,64GAL,0,No,,Yes,Mixed trash in organics,Yes,No,No,,Coordinated with building manager on placement.,,
WC-0114,Marcus Alvarez,2026-09-15,9:00,ALPINE,201003,201003-O1,Organics,64GAL,50,No,,No,,Yes,No,No,,Area around bin was clean.,,
WC-0115,Priya Patel,2026-09-15,9:00,FACILITIES MANAGEMENT,201011,201011-O1,Organics,64GAL,0,No,,Yes,Mixed trash in organics,Yes,No,No,,Coordinated with building manager on placement.,,
WC-0116,Jasmine Chen,2026-09-15,9:00,HOUSINGRIVERVIEW E,201035,201035-T2,Trash,4YD,50,No,,No,,Yes,No,No,,Requested signage refresh near bin.,,
WC-0117,Jasmine Chen,2026-09-15,9:00,MT WHITNEY,212635,212635-O1,Organics,64GAL,0,No,,No,,Yes,No,No,,,,
WC-0118,David Ortiz,2026-09-15,9:00,TSCHANNEN SCIENCE COMPLEX,201027,201027-T1,Trash,4YD,75,No,,No,,Yes,No,No,,,,
WC-0119,Jasmine Chen,2026-09-15,9:15,HOUSINGRIVERVIEW E,201035,201035-T1,Trash,4YD,25,No,,No,,Yes,No,No,,Requested signage refresh near bin.,,
WC-0120,Jasmine Chen,2026-09-15,9:15,MT WHITNEY,212635,212635-T1,Trash,4YD,75,No,,No,,Yes,No,No,,,,
WC-0121,Jasmine Chen,2026-09-15,9:15,MT WHITNEY,212635,212635-T3,Trash,4YD,50,No,,No,,Yes,No,No,,,,
WC-0122,Jasmine Chen,2026-09-15,9:15,MT WHITNEY,212635,212635-T5,Trash,4YD,75,No,,No,,Yes,No,No,,,,
WC-0123,Kevin Nguyen,2026-09-15,9:30,MENDOCINO,201019,201019-O1,Organics,64GAL,0,No,,No,,Yes,No,No,,Coordinated with building manager on placement.,,
WC-0124,Jasmine Chen,2026-09-15,9:30,MT WHITNEY,212635,212635-T2,Trash,4YD,0,No,,No,,Yes,No,No,,,,
WC-0125,Jasmine Chen,2026-09-15,9:30,MT WHITNEY,212635,212635-T4,Trash,4YD,75,No,,No,,Yes,No,No,,,,
WC-0126,David Ortiz,2026-09-15,9:30,TSCHANNEN SCIENCE COMPLEX,201027,201027-O1,Organics,64GAL,25,No,,No,,Yes,No,No,,,,
WC-0127,Priya Patel,2026-09-15,9:30,UNIVERSITY UNION,202251,202251-O1,Organics,2YD,75,No,,No,,Yes,No,No,,Area around bin was clean.,,
WC-0128,Jasmine Chen,2026-09-15,9:45,MODOC HALL,202475,202475-O1,Organics,4YD,75,No,,No,,Yes,No,No,,,,
WC-0129,Jasmine Chen,2026-09-15,9:45,MT WHITNEY,212635,212635-O2,Organics,64GAL,50,No,,No,,Yes,No,No,,Coordinated with building manager on placement.,,
WC-0130,Jasmine Chen,2026-09-15,10:00,PUBLIC SAFETY (INSIDE FENCE),201020,201020-T1,Trash,4YD,0,No,,No,,Yes,No,No,,,,
WC-0131,David Ortiz,2026-09-15,10:00,UNIVERSITY UNION,202252,202252-T1,Trash,30YD,0,No,,No,,Yes,No,No,,,,
WC-0132,Priya Patel,2026-09-15,10:30,ARBORETUM TEMP,203596,203596-T1,Trash,4YD,50,No,,No,,Yes,No,No,,,,
WC-0133,Priya Patel,2026-09-15,10:30,RIVERVIEW N,201036,201036-T2,Trash,4YD,50,No,,Yes,Recyclables in trash,Yes,No,No,,,,
WC-0134,Priya Patel,2026-09-15,10:30,RIVERVIEW N,201036,201036-T3,Trash,4YD,100,No,,No,,Yes,No,No,,,,
WC-0135,Priya Patel,2026-09-15,10:30,RIVERVIEW N,201036,201036-O1,Organics,4YD,25,No,,No,,Yes,No,No,,,,
WC-0136,David Ortiz,2026-09-15,10:45,BROAD FIELD HOUSE (ATHLETICS),201012,201012-O1,Organics,64GAL,25,No,,No,,Yes,No,No,,,,
WC-0137,Jasmine Chen,2026-09-15,10:45,PUBLIC SAFETY (INSIDE FENCE),201020,201020-O1,Organics,64GAL,50,No,,Yes,Non-compostable item in organics,Yes,No,No,,Area around bin was clean.,,
WC-0138,Priya Patel,2026-09-15,10:45,RIVERVIEW N,201036,201036-T1,Trash,4YD,100,No,,Yes,Recyclables in trash,Yes,No,No,,Requested signage refresh near bin.,,
WC-0139,Marcus Alvarez,2026-09-15,10:45,SIERRA HALL,201028,201028-T1,Trash,4YD,50,No,,No,,Yes,No,No,,,,
WC-0140,Marcus Alvarez,2026-09-15,10:45,SIERRA HALL,201028,201028-O1,Organics,64GAL,25,No,,No,,Yes,No,No,,,,
WC-0141,Marcus Alvarez,2026-09-15,11:00,KADEMA/LASSEN,201013,201013-O1,Organics,64GAL,0,No,,No,,Yes,No,No,,,,
WC-0142,Kevin Nguyen,2026-09-15,11:00,KLAMATH HALL,201029,201029-T1,Trash,4YD,100,No,,No,,No,No,No,,,Vehicle or equipment issue,
WC-0143,Priya Patel,2026-09-15,11:00,RECEIVING/MAIL/REPROGRAPHICS,201021,201021-O1,Organics,64GAL,25,No,,No,,Yes,No,No,,,,
WC-0144,Marcus Alvarez,2026-09-15,11:15,KADEMA/LASSEN,201013,201013-T1,Trash,4YD,25,No,,No,,Yes,No,No,,,,
WC-0145,Marcus Alvarez,2026-09-15,11:15,KADEMA/LASSEN,201013,201013-T3,Trash,4YD,75,No,,No,,Yes,No,No,,,,
WC-0146,Marcus Alvarez,2026-09-15,11:15,THE WELL FL,202253,202253-O1,Organics,90GAL,100,No,,No,,Yes,No,No,,Area around bin was clean.,,
WC-0147,Kevin Nguyen,2026-09-15,11:30,BOOKSTORE,202469,202469-O1,Organics,64GAL,0,No,,No,,Yes,No,No,,"High foot traffic area, monitor closely.",,
WC-0148,Marcus Alvarez,2026-09-15,11:30,KADEMA/LASSEN,201013,201013-T2,Trash,4YD,100,No,,No,,Yes,Yes,No,,Area around bin was clean.,,
WC-0149,Kevin Nguyen,2026-09-15,11:30,KLAMATH HALL,201029,201029-O1,Organics,64GAL,,No,,No,,No,No,No,,Coordinated with building manager on placement.,Bin locked or inaccessible,
WC-0150,David Ortiz,2026-09-15,11:30,PERM RO,201037,201037-T2,Trash,25YD,100,No,,No,,Yes,No,No,,,,
WC-0151,Jasmine Chen,2026-09-15,11:45,AMADOR,201005,201005-O1,Organics,64GAL,0,No,,No,,Yes,No,No,,,,
WC-0152,Jasmine Chen,2026-09-15,11:45,ASSOC STUDENT/CHIL,206805,206805-T1,Trash,4YD,25,No,,No,,Yes,No,No,,,,
WC-0153,Marcus Alvarez,2026-09-15,11:45,KADEMA/LASSEN,201013,201013-T4,Trash,4YD,0,No,,No,,Yes,No,No,,"High foot traffic area, monitor closely.",,
WC-0154,Priya Patel,2026-09-15,11:45,RECEIVING/MAIL/REPROGRAPHICS,201021,201021-T1,Trash,4YD,50,No,,No,,Yes,No,No,,,,
WC-0155,Priya Patel,2026-09-15,12:00,FM TRAILERS,201046,201046-O1,Organics,5YD,50,No,,No,,Yes,No,No,,Requested signage refresh near bin.,,
WC-0156,Priya Patel,2026-09-15,12:00,FM TRAILERS,201046,201046-O2,Organics,5YD,50,No,,No,,Yes,No,No,,,,
WC-0157,Priya Patel,2026-09-15,12:00,FM TRAILERS,201046,201046-O8,Organics,5YD,50,No,,Yes,Mixed trash in organics,Yes,No,No,,,,
WC-0158,Priya Patel,2026-09-15,12:00,FM TRAILERS,201046,201046-O9,Organics,5YD,100,No,,No,,Yes,No,No,,Coordinated with building manager on placement.,,
WC-0159,Marcus Alvarez,2026-09-15,12:00,FM TRAILERS/FTBALL,206878,206878-O1,Organics,5YD,25,No,,No,,Yes,No,No,,,,
WC-0160,Kevin Nguyen,2026-09-15,12:00,HARPER ALUMNI CTR,202334,202334-O1,Organics,64GAL,75,No,,No,,Yes,No,No,,Area around bin was clean.,,
WC-0161,David Ortiz,2026-09-15,12:00,RIVERSIDE ENGINEERING,201022,201022-O1,Organics,64GAL,25,No,,No,,Yes,No,No,,"High foot traffic area, monitor closely.",,
WC-0162,Priya Patel,2026-09-15,12:15,ARBORETUM,201006,201006-O1,Organics,4YD,100,No,,No,,Yes,Yes,No,,Requested signage refresh near bin.,,
WC-0163,Jasmine Chen,2026-09-15,12:15,DRAPER HALL,201030,201030-T1,Trash,4YD,100,No,,No,,Yes,Yes,No,,,,
WC-0164,Priya Patel,2026-09-15,12:15,FM TRAILERS,201046,201046-T1,Trash,5YD,100,No,,Yes,Recyclables in trash,Yes,No,No,,"High foot traffic area, monitor closely.",,
WC-0165,Priya Patel,2026-09-15,12:15,FM TRAILERS,201046,201046-O6,Organics,5YD,75,No,,No,,No,No,No,,,Ran out of time,
WC-0166,Priya Patel,2026-09-15,12:15,FM TRAILERS,201046,201046-O7,Organics,5YD,50,No,,No,,Yes,No,No,,Requested signage refresh near bin.,,
WC-0167,Marcus Alvarez,2026-09-15,12:15,FM TRAILERS/FTBALL,206878,206878-O2,Organics,5YD,75,No,,Yes,Mixed trash in organics,Yes,No,No,,,,
WC-0168,Kevin Nguyen,2026-09-15,12:15,THE WELL RO,202254,202254-T1,Trash,15YD,100,No,,No,,Yes,No,No,,,,
WC-0169,Jasmine Chen,2026-09-15,12:30,DRAPER HALL,201030,201030-O1,Organics,64GAL,50,No,,No,,Yes,No,No,,,,
WC-0170,Priya Patel,2026-09-15,12:30,FM TRAILERS,201046,201046-T2,Trash,5YD,50,No,,No,,Yes,No,No,,"High foot traffic area, monitor closely.",,
WC-0171,Priya Patel,2026-09-15,12:30,FM TRAILERS,201046,201046-T3,Trash,5YD,25,No,,No,,Yes,No,No,,Coordinated with building manager on placement.,,
WC-0172,Priya Patel,2026-09-15,12:30,FM TRAILERS,201046,201046-T5,Trash,5YD,50,No,,No,,Yes,No,No,,Area around bin was clean.,,
WC-0173,Priya Patel,2026-09-15,12:30,FM TRAILERS,201046,201046-O3,Organics,5YD,75,No,,No,,Yes,No,No,,Requested signage refresh near bin.,,
WC-0174,Priya Patel,2026-09-15,12:30,FM TRAILERS,201046,201046-O4,Organics,5YD,75,No,,No,,Yes,No,No,,Requested signage refresh near bin.,,
WC-0175,Priya Patel,2026-09-15,12:30,FM TRAILERS,201046,201046-O5,Organics,5YD,75,No,,No,,Yes,No,No,,Area around bin was clean.,,
WC-0176,Priya Patel,2026-09-15,12:30,FM TRAILERS,201046,201046-O11,Organics,5YD,25,No,,No,,Yes,No,No,,,,
WC-0177,Priya Patel,2026-09-15,12:30,FM TRAILERS,201046,201046-O12,Organics,5YD,50,No,,No,,Yes,No,No,,,,
WC-0178,Priya Patel,2026-09-15,12:45,FM TRAILERS,201046,201046-T4,Trash,5YD,100,No,,No,,Yes,Yes,No,,,,
WC-0179,Priya Patel,2026-09-15,12:45,FM TRAILERS,201046,201046-O10,Organics,5YD,50,No,,Yes,Non-compostable item in organics,Yes,No,No,,Coordinated with building manager on placement.,,
WC-0180,Marcus Alvarez,2026-09-15,12:45,FM TRAILERS/FTBALL,206878,206878-O3,Organics,5YD,100,No,,No,,Yes,No,No,,Coordinated with building manager on placement.,,
WC-0181,Marcus Alvarez,2026-09-15,12:45,FM TRAILERS/FTBALL,206878,206878-O4,Organics,5YD,50,No,,Yes,Non-compostable item in organics,Yes,No,No,,,,
WC-0182,Marcus Alvarez,2026-09-15,12:45,FM TRAILERS/FTBALL,206878,206878-O5,Organics,5YD,100,No,,No,,Yes,Yes,No,,,,
WC-0183,David Ortiz,2026-09-15,12:45,RIVERSIDE ENGINEERING,201022,201022-T1,Trash,4YD,50,No,,No,,Yes,No,No,,,,
WC-0184,David Ortiz,2026-09-15,12:45,RIVERSIDE ENGINEERING,201022,201022-T2,Trash,4YD,75,No,,No,,Yes,No,No,,"High foot traffic area, monitor closely.",,
WC-0185,Marcus Alvarez,2026-09-15,13:00,SACRAMENTO,201023,201023-O1,Organics,64GAL,50,No,,No,,Yes,No,No,,,,
WC-0186,Priya Patel,2026-09-15,13:15,DINING COMMONS RO,202431,202431-O1,Organics,20YD,25,No,,Yes,Mixed trash in organics,Yes,No,No,,,,
WC-0187,Marcus Alvarez,2026-09-15,13:15,SACRAMENTO,201023,201023-T1,Trash,4YD,75,No,,No,,Yes,No,No,,,,
WC-0188,Marcus Alvarez,2026-09-15,13:30,SACRAMENTO,201023,201023-T2,Trash,4YD,75,No,,No,,Yes,No,No,,Requested signage refresh near bin.,,
WC-0189,David Ortiz,2026-09-15,13:45,ART SCULPTURE LAB,201007,201007-T1,Trash,4YD,25,No,,No,,No,No,No,,"High foot traffic area, monitor closely.",Bin locked or inaccessible,
WC-0190,Jasmine Chen,2026-09-16,6:00,UNIV UNION E.DOCK,202440,202440-R1,Recycling,6YD,50,No,,No,,Yes,No,No,,Requested signage refresh near bin.,,
WC-0191,David Ortiz,2026-09-16,6:15,NAPA HALL RO,202472,202472-T1,Trash,15YD,75,No,,Yes,Recyclables in trash,Yes,No,No,,Area around bin was clean.,,
WC-0192,Marcus Alvarez,2026-09-16,6:45,ATHLETIC CENTER (FORM. STUDENT HEALTH),201008,201008-R1,Recycling,4YD,100,No,,No,,Yes,Yes,No,,,,
WC-0193,Kevin Nguyen,2026-09-16,6:45,SHASTA HALL,201024,201024-R1,Recycling,3YD,50,No,,Yes,Mixed trash in recycling,Yes,No,No,,,,
WC-0194,Kevin Nguyen,2026-09-16,7:00,BRIGHTON,201009,201009-T1,Trash,4YD,50,No,,No,,Yes,No,Yes,Broken or missing lid,"High foot traffic area, monitor closely.",,
WC-0195,Kevin Nguyen,2026-09-16,7:00,BRIGHTON,201009,201009-R1,Recycling,4YD,50,No,,No,,Yes,No,No,,Requested signage refresh near bin.,,
WC-0196,Marcus Alvarez,2026-09-16,7:00,DINING COMMONS,202433,202433-R2,Recycling,8YD,75,No,,No,,Yes,No,No,,,,
WC-0197,Marcus Alvarez,2026-09-16,7:15,DINING COMMONS,202433,202433-R1,Recycling,8YD,50,No,,No,,Yes,No,No,,Coordinated with building manager on placement.,,
WC-0198,Marcus Alvarez,2026-09-16,7:15,NAPA HALL,202473,202473-R1,Recycling,4YD,0,No,,No,,Yes,No,No,,,,
WC-0199,Marcus Alvarez,2026-09-16,7:30,AMC NORTH,201033,201033-R1,Recycling,4YD,50,No,,No,,Yes,No,No,,,,
WC-0200,Jasmine Chen,2026-09-16,7:30,SEQUOIA,201025,201025-R1,Recycling,8YD,25,No,,No,,Yes,No,No,,"High foot traffic area, monitor closely.",,
WC-0201,Marcus Alvarez,2026-09-16,7:45,DINING COMMONS,202433,202433-T1,Trash,4YD,100,No,,No,,Yes,Yes,No,,,,
WC-0202,Kevin Nguyen,2026-09-16,8:00,AMC SOUTH,201034,201034-R1,Recycling,3YD,75,No,,No,,Yes,No,No,,,,
WC-0203,Jasmine Chen,2026-09-16,8:00,CAPISTRANO,201010,201010-R1,Recycling,4YD,50,No,,No,,Yes,No,No,,,,
WC-0204,David Ortiz,2026-09-16,8:00,FOLSOM HALL,202442,202442-R1,Recycling,3YD,50,No,,No,,Yes,No,No,,,,
WC-0205,Priya Patel,2026-09-16,8:00,RIVERFRONT CR FL,202426,202426-R1,Recycling,6YD,50,No,,No,,Yes,No,No,,"High foot traffic area, monitor closely.",,
WC-0206,David Ortiz,2026-09-16,8:15,FOLSOM HALL,202442,202442-T1,Trash,3YD,75,No,,No,,Partial,No,No,,,Bin locked or inaccessible,
WC-0207,David Ortiz,2026-09-16,8:15,FOLSOM HALL,202442,202442-R2,Recycling,3YD,50,No,,Yes,Food waste in recycling,Yes,No,No,,,,
WC-0208,David Ortiz,2026-09-16,8:30,FOLSOM HALL,202442,202442-T2,Trash,3YD,50,No,,No,,Yes,No,No,,,,
WC-0209,Kevin Nguyen,2026-09-16,8:45,AMC SOUTH,201034,201034-R2,Recycling,3YD,50,No,,No,,Yes,No,No,,,,
WC-0210,Priya Patel,2026-09-16,8:45,TAHOE HALL,201026,201026-R1,Recycling,4YD,100,No,,No,,Yes,Yes,No,,Area around bin was clean.,,
WC-0211,Priya Patel,2026-09-16,9:00,UNIVERSITY UNION,202251,202251-R1,Recycling,6YD,75,No,,No,,Yes,No,Yes,Wheel damaged,Requested signage refresh near bin.,,
WC-0212,Marcus Alvarez,2026-09-16,9:15,ALPINE,201003,201003-T2,Trash,4YD,50,No,,No,,Yes,No,No,,Area around bin was clean.,,
WC-0213,Kevin Nguyen,2026-09-16,9:15,BASKETBALL FACILIT,212579,212579-T1,Trash,4YD,0,No,,No,,Yes,No,No,,,,
WC-0214,Priya Patel,2026-09-16,9:15,FACILITIES MANAGEMENT,201011,201011-T1,Trash,4YD,50,No,,No,,Yes,No,No,,Area around bin was clean.,,
WC-0215,Jasmine Chen,2026-09-16,9:15,MODOC HALL,202475,202475-R1,Recycling,4YD,25,No,,No,,Yes,No,No,,,,
WC-0216,Jasmine Chen,2026-09-16,9:15,MT WHITNEY,212635,212635-R1,Recycling,3YD,100,No,,No,,Yes,No,No,,Requested signage refresh near bin.,,
WC-0217,David Ortiz,2026-09-16,9:15,TSCHANNEN SCIENCE COMPLEX,201027,201027-R1,Recycling,4YD,0,No,,No,,Yes,No,No,,,,
WC-0218,Marcus Alvarez,2026-09-16,9:30,ALPINE,201003,201003-T1,Trash,4YD,75,No,,No,,Yes,No,No,,,,
WC-0219,Priya Patel,2026-09-16,9:30,FACILITIES MANAGEMENT,201011,201011-T2,Trash,4YD,50,No,,No,,Yes,No,No,,,,
WC-0220,Jasmine Chen,2026-09-16,9:30,HOUSINGRIVERVIEW E,201035,201035-R2,Recycling,4YD,0,No,,No,,Yes,No,No,,,,
WC-0221,Kevin Nguyen,2026-09-16,9:30,MENDOCINO,201019,201019-R1,Recycling,6YD,50,No,,No,,Yes,No,No,,,,
WC-0222,Jasmine Chen,2026-09-16,9:45,HOUSINGRIVERVIEW E,201035,201035-R1,Recycling,4YD,50,No,,No,,Yes,No,No,,,,
WC-0223,Kevin Nguyen,2026-09-16,9:45,MENDOCINO,201019,201019-T1,Trash,8YD,75,No,,No,,Yes,No,No,,,,
WC-0224,David Ortiz,2026-09-16,9:45,TSCHANNEN SCIENCE COMPLEX,201027,201027-R2,Recycling,4YD,50,No,,No,,Yes,No,No,,,,
WC-0225,David Ortiz,2026-09-16,10:00,BROAD FIELD HOUSE (ATHLETICS),201012,201012-T2,Trash,4YD,50,No,,No,,Yes,No,No,,,,
WC-0226,Priya Patel,2026-09-16,10:00,RIVERVIEW N,201036,201036-R1,Recycling,4YD,75,No,,No,,Yes,No,Yes,Cracked or leaking body,,,
WC-0227,David Ortiz,2026-09-16,10:15,BROAD FIELD HOUSE (ATHLETICS),201012,201012-R1,Recycling,4YD,50,No,,No,,Yes,No,No,,,,
WC-0228,Marcus Alvarez,2026-09-16,10:15,SIERRA HALL,201028,201028-R1,Recycling,4YD,0,No,,No,,Yes,No,No,,,,
WC-0229,David Ortiz,2026-09-16,10:30,BROAD FIELD HOUSE (ATHLETICS),201012,201012-T1,Trash,4YD,100,No,,No,,Yes,Yes,No,,,,
WC-0230,Priya Patel,2026-09-16,10:45,23RD AVE WAREHOUSE,202476,202476-R1,Recycling,3YD,0,No,,Yes,Liquids in container,Yes,No,No,,Coordinated with building manager on placement.,,
WC-0231,Jasmine Chen,2026-09-16,10:45,PUBLIC SAFETY (INSIDE FENCE),201020,201020-R1,Recycling,1YD,75,No,,No,,Yes,No,No,,"High foot traffic area, monitor closely.",,
WC-0232,Priya Patel,2026-09-16,11:00,RECEIVING/MAIL/REPROGRAPHICS,201021,201021-R1,Recycling,4YD,75,No,,No,,Yes,No,No,,,,
WC-0233,Kevin Nguyen,2026-09-16,11:15,BOOKSTORE,202469,202469-R1,Recycling,4YD,100,No,,No,,Yes,No,No,,,,
WC-0234,Marcus Alvarez,2026-09-16,11:15,KADEMA/LASSEN,201013,201013-R2,Recycling,4YD,50,No,,No,,Yes,No,No,,,,
WC-0235,Kevin Nguyen,2026-09-16,11:15,KLAMATH HALL,201029,201029-R1,Recycling,4YD,25,No,,No,,Yes,No,No,,,,
WC-0236,Jasmine Chen,2026-09-16,11:45,AMADOR,201005,201005-R1,Recycling,4YD,50,No,,No,,Yes,No,No,,,,
WC-0237,Marcus Alvarez,2026-09-16,11:45,KADEMA/LASSEN,201013,201013-R1,Recycling,4YD,50,No,,Yes,Liquids in container,Yes,No,Yes,Cracked or leaking body,Area around bin was clean.,,
WC-0238,Priya Patel,2026-09-16,12:00,FM TRAILERS,201046,201046-T3,Trash,5YD,75,No,,No,,Yes,No,No,,,,
WC-0239,Priya Patel,2026-09-16,12:00,FM TRAILERS,201046,201046-T5,Trash,5YD,50,No,,Yes,Recyclables in trash,Yes,No,No,,,,
WC-0240,Priya Patel,2026-09-16,12:00,FM TRAILERS,201046,201046-O5,Organics,5YD,75,No,,No,,Yes,No,No,,,,
WC-0241,Priya Patel,2026-09-16,12:00,FM TRAILERS,201046,201046-O8,Organics,5YD,50,No,,Yes,Mixed trash in organics,Yes,No,No,,"High foot traffic area, monitor closely.",,
WC-0242,Priya Patel,2026-09-16,12:00,FM TRAILERS,201046,201046-O9,Organics,5YD,75,No,,No,,Yes,No,No,,,,
WC-0243,Kevin Nguyen,2026-09-16,12:00,HARPER ALUMNI CTR,202334,202334-T1,Trash,4YD,75,No,,No,,Yes,No,No,,,,
WC-0244,David Ortiz,2026-09-16,12:00,RIVERSIDE ENGINEERING,201022,201022-R1,Recycling,4YD,100,No,,No,,Yes,Yes,No,,Requested signage refresh near bin.,,
WC-0245,Jasmine Chen,2026-09-16,12:15,DRAPER HALL,201030,201030-R1,Recycling,4YD,75,No,,No,,Yes,No,No,,,,
WC-0246,Priya Patel,2026-09-16,12:15,FM TRAILERS,201046,201046-T2,Trash,5YD,50,No,,No,,Yes,No,No,,,,
WC-0247,Priya Patel,2026-09-16,12:15,FM TRAILERS,201046,201046-O1,Organics,5YD,75,No,,No,,Yes,No,No,,"High foot traffic area, monitor closely.",,
WC-0248,Priya Patel,2026-09-16,12:15,FM TRAILERS,201046,201046-O2,Organics,5YD,50,No,,No,,Yes,No,No,,,,
WC-0249,Priya Patel,2026-09-16,12:15,FM TRAILERS,201046,201046-O4,Organics,5YD,75,No,,No,,Yes,No,No,,,,
WC-0250,Priya Patel,2026-09-16,12:15,FM TRAILERS,201046,201046-O6,Organics,5YD,75,No,,No,,Yes,No,No,,,,
WC-0251,Priya Patel,2026-09-16,12:15,FM TRAILERS,201046,201046-O10,Organics,5YD,75,No,,No,,Partial,No,No,,"High foot traffic area, monitor closely.",Bin locked or inaccessible,
WC-0252,Priya Patel,2026-09-16,12:15,FM TRAILERS,201046,201046-O11,Organics,5YD,50,No,,No,,Yes,No,No,,,,
WC-0253,Priya Patel,2026-09-16,12:30,FM TRAILERS,201046,201046-T1,Trash,5YD,75,No,,No,,Yes,No,No,,Coordinated with building manager on placement.,,
WC-0254,Priya Patel,2026-09-16,12:30,FM TRAILERS,201046,201046-T4,Trash,5YD,75,No,,No,,Yes,No,No,,,,
WC-0255,Kevin Nguyen,2026-09-16,12:30,HARPER ALUMNI CTR,202334,202334-R1,Recycling,4YD,75,No,,No,,Yes,No,No,,,,
WC-0256,Priya Patel,2026-09-16,12:45,FM TRAILERS,201046,201046-O3,Organics,5YD,50,No,,No,,Yes,No,No,,,,
WC-0257,Priya Patel,2026-09-16,12:45,FM TRAILERS,201046,201046-O7,Organics,5YD,100,No,,Yes,Non-compostable item in organics,Yes,Yes,No,,,,
WC-0258,Priya Patel,2026-09-16,12:45,FM TRAILERS,201046,201046-O12,Organics,5YD,25,No,,No,,Yes,No,No,,,,
WC-0259,Priya Patel,2026-09-16,13:00,BOOKSTORE RO,202471,202471-T1,Trash,15YD,25,No,,No,,Yes,No,No,,,,
WC-0260,Marcus Alvarez,2026-09-16,13:15,SACRAMENTO,201023,201023-R1,Recycling,4YD,50,No,,No,,No,No,No,,"High foot traffic area, monitor closely.",Ran out of time,
WC-0261,David Ortiz,2026-09-17,6:00,DESMOND HALL,201032,201032-T1,Trash,4YD,100,No,,No,,Yes,Yes,No,,,,
WC-0262,David Ortiz,2026-09-17,6:00,DESMOND HALL,201032,201032-R1,Recycling,4YD,50,No,,Yes,Food waste in recycling,Yes,No,No,,Coordinated with building manager on placement.,,
WC-0263,Marcus Alvarez,2026-09-17,7:15,AMC NORTH,201033,201033-T2,Trash,4YD,75,No,,No,,Yes,No,No,,,,
WC-0264,David Ortiz,2026-09-17,7:15,AQUATIC CENTER,173577,173577-O1,Organics,64GAL,50,No,,No,,Yes,No,No,,,,
WC-0265,Marcus Alvarez,2026-09-17,7:30,AMC NORTH,201033,201033-T1,Trash,4YD,75,No,,No,,Yes,No,No,,Area around bin was clean.,,
WC-0266,David Ortiz,2026-09-17,7:30,AQUATIC CENTER,173577,173577-R1,Recycling,4YD,50,No,,Yes,Mixed trash in recycling,Yes,No,No,,Area around bin was clean.,,
WC-0267,David Ortiz,2026-09-17,8:00,FOLSOM HALL,202442,202442-T2,Trash,3YD,50,No,,No,,Yes,No,No,,,,
WC-0268,Kevin Nguyen,2026-09-17,8:15,AMC SOUTH,201034,201034-T2,Trash,3YD,50,No,,No,,Yes,No,No,,,,
WC-0269,David Ortiz,2026-09-17,8:15,FOLSOM HALL,202442,202442-T1,Trash,3YD,50,No,,No,,Yes,No,No,,Coordinated with building manager on placement.,,
WC-0270,Kevin Nguyen,2026-09-17,8:30,AMC SOUTH,201034,201034-T3,Trash,3YD,50,No,,No,,Yes,No,No,,Area around bin was clean.,,
WC-0271,Kevin Nguyen,2026-09-17,8:45,AMC SOUTH,201034,201034-T1,Trash,3YD,75,No,,No,,Yes,No,No,,,,
WC-0272,Priya Patel,2026-09-17,8:45,BAC YARD,204226,204226-T1,Trash,96GAL,0,No,,No,,Yes,No,No,,"High foot traffic area, monitor closely.",,
WC-0273,Jasmine Chen,2026-09-17,9:00,MT WHITNEY,212635,212635-T1,Trash,4YD,50,No,,No,,Yes,No,No,,,,
WC-0274,Jasmine Chen,2026-09-17,9:00,MT WHITNEY,212635,212635-T2,Trash,4YD,25,No,,Yes,Recyclables in trash,Yes,No,No,,Requested signage refresh near bin.,,
WC-0275,Jasmine Chen,2026-09-17,9:15,MT WHITNEY,212635,212635-T3,Trash,4YD,25,No,,No,,Yes,No,No,,"High foot traffic area, monitor closely.",,
WC-0276,Jasmine Chen,2026-09-17,9:30,HOUSINGRIVERVIEW E,201035,201035-T1,Trash,4YD,0,No,,No,,Yes,No,No,,Coordinated with building manager on placement.,,
WC-0277,Jasmine Chen,2026-09-17,9:30,HOUSINGRIVERVIEW E,201035,201035-T2,Trash,4YD,75,No,,No,,Yes,No,No,,Area around bin was clean.,,
WC-0278,Jasmine Chen,2026-09-17,9:30,MT WHITNEY,212635,212635-T4,Trash,4YD,75,No,,No,,Yes,No,No,,,,
WC-0279,Kevin Nguyen,2026-09-17,9:45,BASKETBALL FACILIT,212579,212579-O1,Organics,64GAL,0,No,,No,,Yes,No,No,,,,
WC-0280,Jasmine Chen,2026-09-17,9:45,MT WHITNEY,212635,212635-T5,Trash,4YD,75,No,,No,,Yes,No,No,,,,
WC-0281,Priya Patel,2026-09-17,10:15,23RD AVE WAREHOUSE,202476,202476-T1,Trash,3YD,100,No,,No,,Yes,No,No,,Coordinated with building manager on placement.,,
WC-0282,Priya Patel,2026-09-17,10:15,RIVERVIEW N,201036,201036-T1,Trash,4YD,100,No,,No,,Yes,Yes,No,,,,
WC-0283,Marcus Alvarez,2026-09-17,10:15,SIERRA HALL,201028,201028-T1,Trash,4YD,50,No,,No,,Yes,No,Yes,Wheel damaged,Area around bin was clean.,,
WC-0284,Priya Patel,2026-09-17,10:30,23RD AVE WAREHOUSE,202476,202476-O1,Organics,64GAL,,No,,No,,No,No,No,,,Bin locked or inaccessible,
WC-0285,Priya Patel,2026-09-17,10:30,RIVERVIEW N,201036,201036-T2,Trash,4YD,50,No,,No,,Yes,No,No,,,,
WC-0286,Priya Patel,2026-09-17,10:45,ARBORETUM TEMP,203596,203596-T1,Trash,4YD,75,No,,No,,Yes,No,No,,,,
WC-0287,Priya Patel,2026-09-17,10:45,RIVERVIEW N,201036,201036-T3,Trash,4YD,100,No,,No,,Yes,No,No,,,,
WC-0288,Jasmine Chen,2026-09-17,11:15,ASSOC STUDENT/CHIL,206805,206805-T1,Trash,4YD,50,No,,No,,Yes,No,No,,,,
WC-0289,Jasmine Chen,2026-09-17,11:45,AMADOR,201005,201005-T1,Trash,4YD,100,No,,No,,Yes,No,No,,Requested signage refresh near bin.,,
WC-0290,Kevin Nguyen,2026-09-17,11:45,KLAMATH HALL,201029,201029-T1,Trash,4YD,100,No,,No,,Yes,No,No,,,,
WC-0291,Priya Patel,2026-09-17,12:00,ARBORETUM,201006,201006-O1,Organics,4YD,75,No,,No,,Yes,No,No,,Coordinated with building manager on placement.,,
WC-0292,Priya Patel,2026-09-17,12:00,FM TRAILERS,201046,201046-O5,Organics,5YD,75,No,,No,,Yes,No,No,,,,
WC-0293,Priya Patel,2026-09-17,12:00,FM TRAILERS,201046,201046-O7,Organics,5YD,100,No,,No,,Yes,No,No,,Area around bin was clean.,,
WC-0294,Priya Patel,2026-09-17,12:00,FM TRAILERS,201046,201046-O12,Organics,5YD,25,No,,No,,Yes,No,No,,,,
WC-0295,Priya Patel,2026-09-17,12:15,FM TRAILERS,201046,201046-T2,Trash,5YD,50,No,,No,,Yes,No,No,,,,
WC-0296,Priya Patel,2026-09-17,12:15,FM TRAILERS,201046,201046-T4,Trash,5YD,75,No,,No,,Yes,No,No,,Coordinated with building manager on placement.,,
WC-0297,Priya Patel,2026-09-17,12:15,FM TRAILERS,201046,201046-O2,Organics,5YD,75,No,,No,,Yes,No,No,,Area around bin was clean.,,
WC-0298,Priya Patel,2026-09-17,12:15,FM TRAILERS,201046,201046-O9,Organics,5YD,100,No,,No,,Yes,Yes,No,,Area around bin was clean.,,
WC-0299,David Ortiz,2026-09-17,12:15,LIBRARY CP,204622,204622-T1,Trash,25YD,75,No,,No,,Yes,No,No,,Area around bin was clean.,,
WC-0300,Jasmine Chen,2026-09-17,12:30,DRAPER HALL,201030,201030-T1,Trash,4YD,100,No,,No,,Yes,Yes,No,,Area around bin was clean.,,
WC-0301,Priya Patel,2026-09-17,12:30,FM TRAILERS,201046,201046-T1,Trash,5YD,50,No,,No,,Yes,No,No,,,,
WC-0302,Priya Patel,2026-09-17,12:30,FM TRAILERS,201046,201046-T3,Trash,5YD,50,No,,No,,Yes,No,No,,,,
WC-0303,Priya Patel,2026-09-17,12:30,FM TRAILERS,201046,201046-T5,Trash,5YD,50,No,,No,,No,No,No,,"High foot traffic area, monitor closely.",Vehicle or equipment issue,
WC-0304,Priya Patel,2026-09-17,12:30,FM TRAILERS,201046,201046-O4,Organics,5YD,100,No,,No,,Yes,No,No,,,,
WC-0305,Priya Patel,2026-09-17,12:30,FM TRAILERS,201046,201046-O8,Organics,5YD,50,No,,No,,Yes,No,No,,"High foot traffic area, monitor closely.",,
WC-0306,Priya Patel,2026-09-17,12:30,FM TRAILERS,201046,201046-O11,Organics,5YD,25,No,,Yes,Mixed trash in organics,Yes,No,No,,,,
WC-0307,Priya Patel,2026-09-17,12:45,FM TRAILERS,201046,201046-O1,Organics,5YD,75,No,,No,,Yes,No,No,,Coordinated with building manager on placement.,,
WC-0308,Priya Patel,2026-09-17,12:45,FM TRAILERS,201046,201046-O3,Organics,5YD,50,No,,Yes,Mixed trash in organics,Yes,No,No,,Coordinated with building manager on placement.,,
WC-0309,Priya Patel,2026-09-17,12:45,FM TRAILERS,201046,201046-O6,Organics,5YD,75,No,,No,,Yes,No,No,,,,
WC-0310,Priya Patel,2026-09-17,12:45,FM TRAILERS,201046,201046-O10,Organics,5YD,75,No,,Yes,Non-compostable item in organics,Yes,No,No,,,,
WC-0311,Jasmine Chen,2026-09-18,6:00,UNIV UNION E.DOCK,202440,202440-R1,Recycling,6YD,75,No,,No,,Yes,No,No,,Area around bin was clean.,,
WC-0312,Marcus Alvarez,2026-09-18,6:15,DOWNTOWN CAMPUS,190408,190408-T1,Trash,2YD,100,No,,No,,Yes,No,No,,Requested signage refresh near bin.,,
WC-0313,Kevin Nguyen,2026-09-18,6:30,SHASTA HALL,201024,201024-T1,Trash,3YD,75,No,,No,,Yes,No,No,,,,
WC-0314,Marcus Alvarez,2026-09-18,6:45,ATHLETIC CENTER (FORM. STUDENT HEALTH),201008,201008-T1,Trash,4YD,50,No,,No,,Yes,No,No,,,,
WC-0315,David Ortiz,2026-09-18,6:45,DESMOND HALL,201032,201032-T1,Trash,4YD,75,No,,No,,Yes,No,No,,,,
WC-0316,Kevin Nguyen,2026-09-18,6:45,SHASTA HALL,201024,201024-T2,Trash,3YD,100,No,,No,,Yes,Yes,No,,Area around bin was clean.,,
WC-0317,Marcus Alvarez,2026-09-18,7:00,AMC NORTH,201033,201033-T1,Trash,4YD,75,No,,No,,Yes,No,No,,,,
WC-0318,David Ortiz,2026-09-18,7:00,AQUATIC CENTER,173577,173577-T1,Trash,4YD,50,No,,No,,Yes,No,No,,,,
WC-0319,Kevin Nguyen,2026-09-18,7:00,BRIGHTON,201009,201009-T1,Trash,4YD,50,No,,No,,Yes,No,No,,,,
WC-0320,Marcus Alvarez,2026-09-18,7:00,DINING COMMONS,202433,202433-T1,Trash,4YD,100,No,,No,,Yes,No,No,,,,
WC-0321,Jasmine Chen,2026-09-18,7:00,SEQUOIA,201025,201025-T1,Trash,4YD,75,No,,No,,Yes,No,No,,,,
WC-0322,Jasmine Chen,2026-09-18,7:00,SEQUOIA,201025,201025-T2,Trash,4YD,25,No,,No,,Yes,No,No,,,,
WC-0323,Marcus Alvarez,2026-09-18,7:15,AMC NORTH,201033,201033-T2,Trash,4YD,100,No,,No,,Yes,Yes,No,,Coordinated with building manager on placement.,,
WC-0324,Marcus Alvarez,2026-09-18,7:15,DINING COMMONS,202433,202433-R1,Recycling,8YD,25,No,,No,,Yes,No,No,,Area around bin was clean.,,
WC-0325,Marcus Alvarez,2026-09-18,7:30,AMC NORTH,201033,201033-R1,Recycling,4YD,25,No,,Yes,Mixed trash in recycling,Yes,No,No,,,,
WC-0326,Marcus Alvarez,2026-09-18,7:45,DINING COMMONS,202433,202433-R2,Recycling,8YD,75,No,,No,,Yes,No,No,,"High foot traffic area, monitor closely.",,
WC-0327,Kevin Nguyen,2026-09-18,8:00,AMC SOUTH,201034,201034-R1,Recycling,3YD,25,No,,No,,Yes,No,No,,,,
WC-0328,Jasmine Chen,2026-09-18,8:00,CAPISTRANO,201010,201010-T1,Trash,4YD,25,No,,No,,Yes,No,No,,,,
WC-0329,Marcus Alvarez,2026-09-18,8:00,MARIPOSA,201018,201018-T1,Trash,3YD,75,No,,No,,Yes,No,No,,,,
WC-0330,Priya Patel,2026-09-18,8:00,TAHOE HALL,201026,201026-T1,Trash,3YD,100,No,,No,,Yes,Yes,No,,Coordinated with building manager on placement.,,
WC-0331,Priya Patel,2026-09-18,8:00,TAHOE HALL,201026,201026-T3,Trash,3YD,25,No,,No,,Yes,No,No,,Requested signage refresh near bin.,,
WC-0332,Kevin Nguyen,2026-09-18,8:15,AMC SOUTH,201034,201034-T1,Trash,3YD,75,No,,Yes,Recyclables in trash,Yes,No,No,,,,
WC-0333,Kevin Nguyen,2026-09-18,8:15,AMC SOUTH,201034,201034-T2,Trash,3YD,75,No,,No,,Yes,No,No,,,,
WC-0334,David Ortiz,2026-09-18,8:15,FOLSOM HALL,202442,202442-R1,Recycling,3YD,50,No,,No,,Yes,No,No,,,,
WC-0335,David Ortiz,2026-09-18,8:15,FOLSOM HALL,202442,202442-R2,Recycling,3YD,100,No,,No,,Yes,Yes,No,,,,
WC-0336,David Ortiz,2026-09-18,8:30,FOLSOM HALL,202442,202442-T1,Trash,3YD,50,No,,No,,Yes,No,No,,,,
WC-0337,Priya Patel,2026-09-18,8:30,TAHOE HALL,201026,201026-T2,Trash,3YD,75,No,,Yes,Recyclables in trash,Yes,No,No,,,,
WC-0338,Kevin Nguyen,2026-09-18,8:45,AMC SOUTH,201034,201034-T3,Trash,3YD,50,No,,No,,Yes,No,No,,,,
WC-0339,Kevin Nguyen,2026-09-18,8:45,AMC SOUTH,201034,201034-R2,Recycling,3YD,75,No,,No,,Yes,No,No,,,,
WC-0340,David Ortiz,2026-09-18,8:45,FOLSOM HALL,202442,202442-T2,Trash,3YD,75,No,,No,,Yes,No,No,,,,
WC-0341,Marcus Alvarez,2026-09-18,8:45,MARIPOSA,201018,201018-T2,Trash,3YD,50,No,,Yes,Recyclables in trash,Yes,No,No,,Coordinated with building manager on placement.,,
WC-0342,Priya Patel,2026-09-18,8:45,RIVERFRONT CR FL,202426,202426-R1,Recycling,6YD,50,No,,No,,Yes,No,No,,Area around bin was clean.,,
WC-0343,Jasmine Chen,2026-09-18,9:00,MT WHITNEY,212635,212635-T2,Trash,4YD,25,No,,No,,Yes,No,No,,Area around bin was clean.,,
WC-0344,Jasmine Chen,2026-09-18,9:00,MT WHITNEY,212635,212635-T3,Trash,4YD,50,No,,No,,Yes,No,No,,"High foot traffic area, monitor closely.",,
WC-0345,Jasmine Chen,2026-09-18,9:00,MT WHITNEY,212635,212635-T5,Trash,4YD,75,No,,No,,Yes,No,No,,,,
WC-0346,Jasmine Chen,2026-09-18,9:15,HOUSINGRIVERVIEW E,201035,201035-R2,Recycling,4YD,0,No,,No,,Yes,No,No,,,,
WC-0347,Jasmine Chen,2026-09-18,9:15,MT WHITNEY,212635,212635-T4,Trash,4YD,75,No,,No,,Yes,No,No,,,,
WC-0348,Priya Patel,2026-09-18,9:15,UNIVERSITY UNION,202251,202251-O1,Organics,2YD,50,No,,No,,Yes,No,No,,,,
WC-0349,Marcus Alvarez,2026-09-18,9:30,ALPINE,201003,201003-T1,Trash,4YD,100,No,,No,,Yes,Yes,No,,,,
WC-0350,Jasmine Chen,2026-09-18,9:30,HOUSINGRIVERVIEW E,201035,201035-T1,Trash,4YD,25,No,,No,,Yes,No,No,,,,
WC-0351,Jasmine Chen,2026-09-18,9:30,HOUSINGRIVERVIEW E,201035,201035-R1,Recycling,4YD,,No,,No,,No,No,No,,Area around bin was clean.,Vehicle or equipment issue,
WC-0352,Jasmine Chen,2026-09-18,9:30,MT WHITNEY,212635,212635-T1,Trash,4YD,50,No,,No,,Yes,No,No,,,,
WC-0353,Marcus Alvarez,2026-09-18,9:45,ALPINE,201003,201003-T2,Trash,4YD,50,No,,No,,Yes,No,No,,,,
WC-0354,Jasmine Chen,2026-09-18,9:45,HOUSINGRIVERVIEW E,201035,201035-T2,Trash,4YD,50,No,,No,,Yes,No,No,,,,
WC-0355,Kevin Nguyen,2026-09-18,9:45,MENDOCINO,201019,201019-T1,Trash,8YD,50,No,,No,,Yes,No,No,,,,
WC-0356,Jasmine Chen,2026-09-18,9:45,MODOC HALL,202475,202475-R1,Recycling,4YD,50,No,,No,,Yes,No,No,,Area around bin was clean.,,
WC-0357,Jasmine Chen,2026-09-18,9:45,MT WHITNEY,212635,212635-R1,Recycling,3YD,75,No,,No,,Yes,No,No,,Area around bin was clean.,,
WC-0358,David Ortiz,2026-09-18,9:45,TSCHANNEN SCIENCE COMPLEX,201027,201027-T1,Trash,4YD,25,No,,No,,Yes,No,No,,,,
WC-0359,Priya Patel,2026-09-18,9:45,UNIVERSITY UNION,202251,202251-R1,Recycling,6YD,75,No,,No,,Yes,No,No,,,,
WC-0360,David Ortiz,2026-09-18,10:00,BROAD FIELD HOUSE (ATHLETICS),201012,201012-T2,Trash,4YD,50,No,,No,,Yes,No,No,,Area around bin was clean.,,
WC-0361,Jasmine Chen,2026-09-18,10:00,PUBLIC SAFETY (INSIDE FENCE),201020,201020-T1,Trash,4YD,25,No,,No,,Yes,No,No,,,,
WC-0362,David Ortiz,2026-09-18,10:15,BROAD FIELD HOUSE (ATHLETICS),201012,201012-T1,Trash,4YD,100,No,,No,,Yes,No,No,,"High foot traffic area, monitor closely.",,
WC-0363,Priya Patel,2026-09-18,10:15,RIVERVIEW N,201036,201036-T3,Trash,4YD,100,No,,No,,Yes,Yes,No,,,,
WC-0364,Marcus Alvarez,2026-09-18,10:15,SIERRA HALL,201028,201028-T1,Trash,4YD,50,No,,No,,Yes,No,No,,Coordinated with building manager on placement.,,
WC-0365,Priya Patel,2026-09-18,10:30,RIVERVIEW N,201036,201036-T1,Trash,4YD,100,No,,No,,Yes,No,No,,,,
WC-0366,Priya Patel,2026-09-18,10:30,RIVERVIEW N,201036,201036-R1,Recycling,4YD,50,No,,No,,Yes,No,No,,,,
WC-0367,Priya Patel,2026-09-18,10:45,RIVERVIEW N,201036,201036-T2,Trash,4YD,50,No,,No,,Yes,No,No,,,,
WC-0368,Jasmine Chen,2026-09-18,11:00,ASSOC STUDENT/CHIL,206805,206805-R1,Recycling,3YD,0,No,,No,,Yes,No,No,,,,
WC-0369,Marcus Alvarez,2026-09-18,11:00,KADEMA/LASSEN,201013,201013-T3,Trash,4YD,75,No,,No,,Yes,No,No,,,,
WC-0370,Kevin Nguyen,2026-09-18,11:00,KLAMATH HALL,201029,201029-T1,Trash,4YD,75,No,,No,,Yes,No,No,,,,
WC-0371,Marcus Alvarez,2026-09-18,11:15,KADEMA/LASSEN,201013,201013-T2,Trash,4YD,50,No,,No,,Yes,No,No,,,,
WC-0372,Priya Patel,2026-09-18,11:15,RECEIVING/MAIL/REPROGRAPHICS,201021,201021-T1,Trash,4YD,100,No,,No,,Yes,Yes,No,,,,
WC-0373,Marcus Alvarez,2026-09-18,11:30,KADEMA/LASSEN,201013,201013-T4,Trash,4YD,0,No,,No,,Yes,No,No,,,,
WC-0374,Jasmine Chen,2026-09-18,11:45,AMADOR,201005,201005-T1,Trash,4YD,100,No,,No,,Yes,No,Yes,Wheel damaged,,,
WC-0375,Kevin Nguyen,2026-09-18,11:45,BOOKSTORE,202469,202469-R1,Recycling,4YD,75,No,,No,,Yes,No,No,,,,
WC-0376,Marcus Alvarez,2026-09-18,11:45,KADEMA/LASSEN,201013,201013-T1,Trash,4YD,50,No,,No,,Yes,No,No,,,,
WC-0377,Priya Patel,2026-09-18,12:00,FM TRAILERS,201046,201046-T2,Trash,5YD,50,No,,No,,Yes,No,No,,Area around bin was clean.,,
WC-0378,Priya Patel,2026-09-18,12:00,FM TRAILERS,201046,201046-O5,Organics,5YD,100,No,,No,,Yes,Yes,No,,Coordinated with building manager on placement.,,
WC-0379,Priya Patel,2026-09-18,12:00,FM TRAILERS,201046,201046-O7,Organics,5YD,100,No,,Yes,Mixed trash in organics,Yes,No,No,,Requested signage refresh near bin.,,
WC-0380,Priya Patel,2026-09-18,12:00,FM TRAILERS,201046,201046-O11,Organics,5YD,50,No,,No,,Yes,No,No,,,,
WC-0381,Priya Patel,2026-09-18,12:15,FM TRAILERS,201046,201046-T1,Trash,5YD,100,No,,No,,Yes,No,No,,,,
WC-0382,Priya Patel,2026-09-18,12:15,FM TRAILERS,201046,201046-T3,Trash,5YD,25,No,,No,,Yes,No,No,,,,
WC-0383,Priya Patel,2026-09-18,12:15,FM TRAILERS,201046,201046-T4,Trash,5YD,75,No,,No,,Yes,No,No,,,,
WC-0384,Priya Patel,2026-09-18,12:15,FM TRAILERS,201046,201046-T5,Trash,5YD,75,No,,No,,Yes,No,No,,Area around bin was clean.,,
WC-0385,Priya Patel,2026-09-18,12:15,FM TRAILERS,201046,201046-O10,Organics,5YD,75,No,,No,,Yes,No,Yes,Cracked or leaking body,,,
WC-0386,Marcus Alvarez,2026-09-18,12:15,FM TRAILERS/FTBALL,206878,206878-T2,Trash,5YD,75,No,,No,,Yes,No,No,,Coordinated with building manager on placement.,,
WC-0387,Marcus Alvarez,2026-09-18,12:15,FM TRAILERS/FTBALL,206878,206878-T5,Trash,5YD,50,No,,No,,Yes,No,No,,,,
WC-0388,David Ortiz,2026-09-18,12:15,RIVERSIDE ENGINEERING,201022,201022-T2,Trash,4YD,100,No,,No,,Yes,No,No,,,,
WC-0389,Jasmine Chen,2026-09-18,12:30,DRAPER HALL,201030,201030-T1,Trash,4YD,100,No,,No,,Yes,No,No,,Requested signage refresh near bin.,,
WC-0390,Priya Patel,2026-09-18,12:30,FM TRAILERS,201046,201046-O2,Organics,5YD,75,No,,Yes,Mixed trash in organics,Yes,No,No,,Requested signage refresh near bin.,,
WC-0391,Priya Patel,2026-09-18,12:30,FM TRAILERS,201046,201046-O3,Organics,5YD,,No,,Yes,Mixed trash in organics,No,No,No,,"High foot traffic area, monitor closely.",Ran out of time,
WC-0392,Priya Patel,2026-09-18,12:30,FM TRAILERS,201046,201046-O4,Organics,5YD,50,No,,No,,Yes,No,No,,,,
WC-0393,Marcus Alvarez,2026-09-18,12:30,FM TRAILERS/FTBALL,206878,206878-T1,Trash,5YD,50,No,,No,,Yes,No,No,,Area around bin was clean.,,
WC-0394,Marcus Alvarez,2026-09-18,12:30,FM TRAILERS/FTBALL,206878,206878-T4,Trash,5YD,75,No,,No,,Yes,No,No,,,,
WC-0395,David Ortiz,2026-09-18,12:30,RIVERSIDE ENGINEERING,201022,201022-T1,Trash,4YD,75,No,,No,,Yes,No,No,,Coordinated with building manager on placement.,,
WC-0396,Priya Patel,2026-09-18,12:45,FM TRAILERS,201046,201046-O1,Organics,5YD,100,No,,No,,Yes,No,No,,,,
WC-0397,Priya Patel,2026-09-18,12:45,FM TRAILERS,201046,201046-O6,Organics,5YD,100,No,,Yes,Non-compostable item in organics,Yes,Yes,No,,"High foot traffic area, monitor closely.",,
WC-0398,Priya Patel,2026-09-18,12:45,FM TRAILERS,201046,201046-O8,Organics,5YD,50,No,,No,,Yes,No,No,,Coordinated with building manager on placement.,,
WC-0399,Priya Patel,2026-09-18,12:45,FM TRAILERS,201046,201046-O9,Organics,5YD,75,No,,No,,Yes,No,No,,,,
WC-0400,Priya Patel,2026-09-18,12:45,FM TRAILERS,201046,201046-O12,Organics,5YD,25,No,,No,,Yes,No,No,,,,
WC-0401,Marcus Alvarez,2026-09-18,12:45,FM TRAILERS/FTBALL,206878,206878-T3,Trash,5YD,75,No,,No,,Yes,No,No,,"High foot traffic area, monitor closely.",,
WC-0402,Marcus Alvarez,2026-09-18,13:00,SACRAMENTO,201023,201023-T2,Trash,4YD,25,No,,No,,Yes,No,No,,Requested signage refresh near bin.,,
WC-0403,David Ortiz,2026-09-18,13:15,ART SCULPTURE LAB,201007,201007-T1,Trash,4YD,25,No,,Yes,Recyclables in trash,Yes,No,No,,,,
WC-0404,Marcus Alvarez,2026-09-18,13:30,SACRAMENTO,201023,201023-T1,Trash,4YD,75,No,,No,,Partial,No,No,,Coordinated with building manager on placement.,Ran out of time,
WC-0405,David Ortiz,2026-09-19,8:00,FOLSOM HALL,202442,202442-T2,Trash,3YD,75,No,,No,,Yes,No,No,,Requested signage refresh near bin.,,
WC-0406,David Ortiz,2026-09-19,8:30,FOLSOM HALL,202442,202442-T1,Trash,3YD,75,No,,No,,Partial,No,No,,,Vehicle or equipment issue,
WC-0407,David Ortiz,2026-09-21,6:00,DESMOND HALL,201032,201032-T1,Trash,4YD,50,No,,No,,Yes,No,No,,"High foot traffic area, monitor closely.",,
WC-0408,Jasmine Chen,2026-09-21,6:15,UNIV UNION E.DOCK,202440,202440-R1,Recycling,6YD,75,No,,No,,Yes,No,No,,,,
WC-0409,David Ortiz,2026-09-21,6:45,UNIV UNION E.DOCK,202432,202432-T1,Trash,10YD,50,No,,No,,Yes,No,No,,Area around bin was clean.,,
WC-0410,Marcus Alvarez,2026-09-21,7:00,AMC NORTH,201033,201033-R1,Recycling,4YD,50,No,,No,,Yes,No,No,,Requested signage refresh near bin.,,
WC-0411,David Ortiz,2026-09-21,7:15,AQUATIC CENTER,173577,173577-T1,Trash,4YD,25,No,,No,,Yes,No,No,,Requested signage refresh near bin.,,
WC-0412,Kevin Nguyen,2026-09-21,7:15,BRIGHTON,201009,201009-T1,Trash,4YD,50,No,,No,,Yes,No,No,,Area around bin was clean.,,
WC-0413,Marcus Alvarez,2026-09-21,7:30,DINING COMMONS,202433,202433-T1,Trash,4YD,100,No,,No,,Yes,Yes,No,,Coordinated with building manager on placement.,,
WC-0414,Marcus Alvarez,2026-09-21,7:45,AMC NORTH,201033,201033-T1,Trash,4YD,75,No,,No,,Yes,No,No,,,,
WC-0415,Marcus Alvarez,2026-09-21,7:45,AMC NORTH,201033,201033-T2,Trash,4YD,75,No,,No,,Partial,No,No,,Requested signage refresh near bin.,Ran out of time,
WC-0416,Marcus Alvarez,2026-09-21,7:45,DINING COMMONS,202433,202433-R1,Recycling,8YD,50,No,,No,,Yes,No,No,,Area around bin was clean.,,
WC-0417,Marcus Alvarez,2026-09-21,7:45,DINING COMMONS,202433,202433-R2,Recycling,8YD,50,No,,No,,Yes,No,No,,Coordinated with building manager on placement.,,
WC-0418,Kevin Nguyen,2026-09-21,8:00,AMC SOUTH,201034,201034-T2,Trash,3YD,100,No,,No,,Yes,Yes,No,,Coordinated with building manager on placement.,,
WC-0419,Kevin Nguyen,2026-09-21,8:00,AMC SOUTH,201034,201034-R1,Recycling,3YD,50,No,,No,,Yes,No,No,,,,
WC-0420,David Ortiz,2026-09-21,8:00,FOLSOM HALL,202442,202442-R2,Recycling,3YD,75,No,,No,,Yes,No,No,,,,
WC-0421,Priya Patel,2026-09-21,8:00,RIVERFRONT CR FL,202426,202426-R1,Recycling,6YD,75,No,,No,,Yes,No,No,,Area around bin was clean.,,
WC-0422,Kevin Nguyen,2026-09-21,8:15,AMC SOUTH,201034,201034-T1,Trash,3YD,25,No,,No,,Yes,No,No,,Coordinated with building manager on placement.,,
WC-0423,David Ortiz,2026-09-21,8:15,FOLSOM HALL,202442,202442-T1,Trash,3YD,50,No,,No,,Yes,No,No,,Requested signage refresh near bin.,,
WC-0424,Kevin Nguyen,2026-09-21,8:45,AMC SOUTH,201034,201034-T3,Trash,3YD,50,No,,No,,Yes,No,No,,,,
WC-0425,Kevin Nguyen,2026-09-21,8:45,AMC SOUTH,201034,201034-R2,Recycling,3YD,75,No,,No,,Yes,No,No,,,,
WC-0426,David Ortiz,2026-09-21,8:45,FOLSOM HALL,202442,202442-T2,Trash,3YD,100,No,,No,,Yes,Yes,No,,Coordinated with building manager on placement.,,
WC-0427,David Ortiz,2026-09-21,8:45,FOLSOM HALL,202442,202442-R1,Recycling,3YD,50,No,,No,,Yes,No,No,,,,
WC-0428,Marcus Alvarez,2026-09-21,9:00,ALPINE,201003,201003-T1,Trash,4YD,100,No,,No,,No,No,No,,Requested signage refresh near bin.,Vehicle or equipment issue,
WC-0429,Jasmine Chen,2026-09-21,9:00,HOUSINGRIVERVIEW E,201035,201035-R1,Recycling,4YD,75,No,,No,,Yes,No,No,,Requested signage refresh near bin.,,
WC-0430,Jasmine Chen,2026-09-21,9:00,MT WHITNEY,212635,212635-R1,Recycling,3YD,100,No,,No,,Yes,Yes,No,,Area around bin was clean.,,
WC-0431,Priya Patel,2026-09-21,9:00,UNIVERSITY UNION,202251,202251-O1,Organics,2YD,100,No,,No,,Yes,Yes,No,,Requested signage refresh near bin.,,
WC-0432,Marcus Alvarez,2026-09-21,9:15,ALPINE,201003,201003-T2,Trash,4YD,50,No,,No,,Yes,No,No,,,,
WC-0433,Jasmine Chen,2026-09-21,9:15,HOUSINGRIVERVIEW E,201035,201035-T1,Trash,4YD,0,No,,No,,Yes,No,No,,,,
WC-0434,Jasmine Chen,2026-09-21,9:15,HOUSINGRIVERVIEW E,201035,201035-T2,Trash,4YD,50,No,,No,,Yes,No,No,,Requested signage refresh near bin.,,
WC-0435,Jasmine Chen,2026-09-21,9:15,HOUSINGRIVERVIEW E,201035,201035-R2,Recycling,4YD,25,No,,No,,Yes,No,No,,,,
WC-0436,Kevin Nguyen,2026-09-21,9:15,MENDOCINO,201019,201019-T1,Trash,8YD,75,No,,Yes,Recyclables in trash,Yes,No,No,,,,
WC-0437,Jasmine Chen,2026-09-21,9:15,MT WHITNEY,212635,212635-T1,Trash,4YD,75,No,,No,,Yes,No,No,,"High foot traffic area, monitor closely.",,
WC-0438,Jasmine Chen,2026-09-21,9:15,MT WHITNEY,212635,212635-T3,Trash,4YD,50,No,,No,,Yes,No,No,,,,
WC-0439,Jasmine Chen,2026-09-21,9:15,MT WHITNEY,212635,212635-T5,Trash,4YD,100,No,,No,,Yes,No,No,,,,
WC-0440,Kevin Nguyen,2026-09-21,9:30,BASKETBALL FACILIT,212579,212579-R1,Recycling,4YD,50,No,,No,,Yes,No,No,,,,
WC-0441,Jasmine Chen,2026-09-21,9:30,MODOC HALL,202475,202475-R1,Recycling,4YD,50,No,,No,,Yes,No,No,,,,
WC-0442,Jasmine Chen,2026-09-21,9:45,MT WHITNEY,212635,212635-T2,Trash,4YD,0,No,,No,,Yes,No,No,,,,
WC-0443,Jasmine Chen,2026-09-21,9:45,MT WHITNEY,212635,212635-T4,Trash,4YD,50,No,,No,,Yes,No,No,,,,
WC-0444,David Ortiz,2026-09-21,9:45,RIVERFRONT CR RO,202427,202427-T1,Trash,10YD,,No,,No,,No,No,No,,,Vehicle or equipment issue,
WC-0445,Priya Patel,2026-09-21,9:45,UNIVERSITY UNION,202251,202251-R1,Recycling,6YD,50,No,,No,,Yes,No,No,,,,
WC-0446,Priya Patel,2026-09-21,10:00,RIVERVIEW N,201036,201036-T2,Trash,4YD,50,No,,No,,Yes,No,No,,,,
WC-0447,Marcus Alvarez,2026-09-21,10:00,SIERRA HALL,201028,201028-R1,Recycling,4YD,50,No,,Yes,Food waste in recycling,Yes,No,No,,,,
WC-0448,David Ortiz,2026-09-21,10:15,BROAD FIELD HOUSE (ATHLETICS),201012,201012-T2,Trash,4YD,50,No,,Yes,Recyclables in trash,Yes,No,No,,,,
WC-0449,Priya Patel,2026-09-21,10:15,RIVERVIEW N,201036,201036-T1,Trash,4YD,100,No,,No,,Yes,Yes,No,,,,
WC-0450,David Ortiz,2026-09-21,10:30,BROAD FIELD HOUSE (ATHLETICS),201012,201012-T1,Trash,4YD,100,No,,No,,Yes,Yes,No,,Requested signage refresh near bin.,,
WC-0451,David Ortiz,2026-09-21,10:30,BROAD FIELD HOUSE (ATHLETICS),201012,201012-R1,Recycling,4YD,50,No,,Yes,Food waste in recycling,Yes,No,No,,Coordinated with building manager on placement.,,
WC-0452,Priya Patel,2026-09-21,10:45,RIVERVIEW N,201036,201036-T3,Trash,4YD,100,No,,No,,Yes,No,No,,Coordinated with building manager on placement.,,
WC-0453,Priya Patel,2026-09-21,10:45,RIVERVIEW N,201036,201036-R1,Recycling,4YD,75,No,,No,,Partial,No,No,,,Bin locked or inaccessible,
WC-0454,Marcus Alvarez,2026-09-21,10:45,SIERRA HALL,201028,201028-T1,Trash,4YD,50,No,,Yes,Recyclables in trash,Yes,No,No,,,,
WC-0455,Kevin Nguyen,2026-09-21,11:30,BOOKSTORE,202469,202469-R1,Recycling,4YD,75,No,,No,,Yes,No,No,,Coordinated with building manager on placement.,,
WC-0456,Kevin Nguyen,2026-09-21,11:30,KLAMATH HALL,201029,201029-T1,Trash,4YD,75,No,,No,,Yes,No,No,,,,
WC-0457,Kevin Nguyen,2026-09-21,11:45,KLAMATH HALL,201029,201029-R1,Recycling,4YD,25,No,,No,,Yes,No,No,,,,
WC-0458,Priya Patel,2026-09-21,12:00,FM TRAILERS,201046,201046-T5,Trash,5YD,100,No,,No,,Yes,Yes,No,,,,
WC-0459,Priya Patel,2026-09-21,12:00,FM TRAILERS,201046,201046-O1,Organics,5YD,75,No,,No,,Yes,No,No,,,,
WC-0460,Priya Patel,2026-09-21,12:00,FM TRAILERS,201046,201046-O6,Organics,5YD,75,No,,No,,Yes,No,No,,Area around bin was clean.,,
WC-0461,Priya Patel,2026-09-21,12:00,FM TRAILERS,201046,201046-O8,Organics,5YD,50,No,,No,,Yes,No,No,,Requested signage refresh near bin.,,
WC-0462,Jasmine Chen,2026-09-21,12:15,DRAPER HALL,201030,201030-R1,Recycling,4YD,,No,,No,,No,No,No,,Coordinated with building manager on placement.,Access blocked,
WC-0463,Priya Patel,2026-09-21,12:15,FM TRAILERS,201046,201046-T1,Trash,5YD,100,No,,No,,Yes,No,No,,,,
WC-0464,Priya Patel,2026-09-21,12:15,FM TRAILERS,201046,201046-T3,Trash,5YD,25,No,,No,,Yes,No,No,,Area around bin was clean.,,
WC-0465,Priya Patel,2026-09-21,12:15,FM TRAILERS,201046,201046-O2,Organics,5YD,75,No,,No,,Yes,No,No,,,,
WC-0466,Priya Patel,2026-09-21,12:15,FM TRAILERS,201046,201046-O5,Organics,5YD,75,No,,No,,Yes,No,No,,Requested signage refresh near bin.,,
WC-0467,Priya Patel,2026-09-21,12:15,FM TRAILERS,201046,201046-O7,Organics,5YD,100,No,,No,,Partial,No,No,,,Ran out of time,
WC-0468,Priya Patel,2026-09-21,12:15,FM TRAILERS,201046,201046-O10,Organics,5YD,50,No,,No,,Yes,No,No,,,,
WC-0469,Priya Patel,2026-09-21,12:30,FM TRAILERS,201046,201046-T2,Trash,5YD,100,No,,No,,Yes,Yes,No,,,,
WC-0470,Priya Patel,2026-09-21,12:30,FM TRAILERS,201046,201046-T4,Trash,5YD,75,No,,No,,Yes,No,No,,Requested signage refresh near bin.,,
WC-0471,Priya Patel,2026-09-21,12:30,FM TRAILERS,201046,201046-O3,Organics,5YD,50,No,,No,,Yes,No,No,,Coordinated with building manager on placement.,,
WC-0472,Priya Patel,2026-09-21,12:30,FM TRAILERS,201046,201046-O4,Organics,5YD,75,No,,No,,Yes,No,No,,,,
WC-0473,Priya Patel,2026-09-21,12:30,FM TRAILERS,201046,201046-O9,Organics,5YD,50,No,,No,,Yes,No,No,,,,
WC-0474,Priya Patel,2026-09-21,12:30,FM TRAILERS,201046,201046-O12,Organics,5YD,50,No,,Yes,Mixed trash in organics,Yes,No,No,,,,
WC-0475,Jasmine Chen,2026-09-21,12:45,DRAPER HALL,201030,201030-T1,Trash,4YD,100,No,,No,,Yes,Yes,No,,Area around bin was clean.,,
WC-0476,Priya Patel,2026-09-21,12:45,FM TRAILERS,201046,201046-O11,Organics,5YD,75,No,,No,,Yes,No,No,,"High foot traffic area, monitor closely.",,
WC-0477,Marcus Alvarez,2026-09-22,6:00,ATHLETIC CENTER (FORM. STUDENT HEALTH),201008,201008-T1,Trash,4YD,50,No,,No,,Yes,No,No,,Area around bin was clean.,,
WC-0478,Marcus Alvarez,2026-09-22,6:00,ATHLETIC CENTER (FORM. STUDENT HEALTH),201008,201008-O1,Organics,64GAL,50,No,,No,,Yes,No,No,,Coordinated with building manager on placement.,,
WC-0479,David Ortiz,2026-09-22,6:00,DESMOND HALL,201032,201032-O1,Organics,64GAL,25,No,,No,,Yes,No,No,,,,
WC-0480,Kevin Nguyen,2026-09-22,6:00,LIBRARY - BOOK REC,201744,201744-O2,Organics,64GAL,25,No,,No,,Yes,No,No,,,,
WC-0481,Kevin Nguyen,2026-09-22,6:00,SHASTA HALL,201024,201024-O1,Organics,64GAL,25,No,,Yes,Mixed trash in organics,Yes,No,No,,,,
WC-0482,Jasmine Chen,2026-09-22,6:00,UNIV UNION E.DOCK,202440,202440-O1,Organics,64GAL,50,No,,No,,Yes,No,No,,Coordinated with building manager on placement.,,
WC-0483,Marcus Alvarez,2026-09-22,6:15,DOWNTOWN CAMPUS,190408,190408-O1,Organics,64GAL,75,No,,No,,Yes,No,No,,,,
WC-0484,Kevin Nguyen,2026-09-22,6:15,LIBRARY - BOOK REC,201744,201744-O1,Organics,64GAL,0,No,,No,,Yes,No,No,,,,
WC-0485,David Ortiz,2026-09-22,6:30,DESMOND HALL,201032,201032-T1,Trash,4YD,75,No,,Yes,Recyclables in trash,Yes,No,No,,"High foot traffic area, monitor closely.",,
WC-0486,David Ortiz,2026-09-22,6:30,DESMOND HALL,201032,201032-R1,Recycling,4YD,50,No,,Yes,Food waste in recycling,Yes,No,No,,Requested signage refresh near bin.,,
WC-0487,Marcus Alvarez,2026-09-22,6:30,DOWNTOWN CAMPUS,190408,190408-T1,Trash,2YD,50,No,,No,,Yes,No,No,,,,
WC-0488,Marcus Alvarez,2026-09-22,6:30,DOWNTOWN CAMPUS,190408,190408-R1,Recycling,90GAL,75,No,,No,,Yes,No,No,,,,
WC-0489,Kevin Nguyen,2026-09-22,6:30,SHASTA HALL,201024,201024-T2,Trash,3YD,,No,,Yes,Recyclables in trash,No,Yes,No,,,Vehicle or equipment issue,
WC-0490,Kevin Nguyen,2026-09-22,6:45,SHASTA HALL,201024,201024-T1,Trash,3YD,75,No,,No,,Yes,No,No,,Area around bin was clean.,,
WC-0491,Jasmine Chen,2026-09-22,6:45,UNIV UNION E.DOCK,202440,202440-O2,Organics,64GAL,0,No,,No,,Yes,No,No,,,,
WC-0492,Marcus Alvarez,2026-09-22,7:00,AMC NORTH,201033,201033-O2,Organics,64GAL,0,No,,No,,Yes,No,No,,Area around bin was clean.,,
WC-0493,Kevin Nguyen,2026-09-22,7:00,BRIGHTON,201009,201009-O1,Organics,64GAL,0,No,,No,,Yes,No,No,,,,
WC-0494,Marcus Alvarez,2026-09-22,7:30,AMC NORTH,201033,201033-O1,Organics,64GAL,50,No,,Yes,Non-compostable item in organics,Yes,No,No,,,,
WC-0495,Jasmine Chen,2026-09-22,7:30,SEQUOIA,201025,201025-O1,Organics,64GAL,50,No,,No,,Yes,No,No,,,,
WC-0496,Marcus Alvarez,2026-09-22,7:45,AMC NORTH,201033,201033-T1,Trash,4YD,50,No,,No,,Yes,No,No,,,,
WC-0497,Marcus Alvarez,2026-09-22,7:45,AMC NORTH,201033,201033-T2,Trash,4YD,75,No,,No,,Yes,No,No,,Coordinated with building manager on placement.,,
WC-0498,Marcus Alvarez,2026-09-22,7:45,NAPA HALL,202473,202473-O1,Organics,64GAL,0,No,,No,,Yes,No,No,,,,
WC-0499,Jasmine Chen,2026-09-22,7:45,SEQUOIA,201025,201025-T1,Trash,4YD,75,No,,No,,Yes,No,No,,,,
WC-0500,Jasmine Chen,2026-09-22,7:45,SEQUOIA,201025,201025-T2,Trash,4YD,50,No,,No,,No,No,No,,Coordinated with building manager on placement.,Vehicle or equipment issue,
WC-0501,Kevin Nguyen,2026-09-22,8:00,AMC SOUTH,201034,201034-T3,Trash,3YD,50,No,,No,,Yes,No,No,,,,
WC-0502,Jasmine Chen,2026-09-22,8:00,CAPISTRANO,201010,201010-O1,Organics,64GAL,25,No,,No,,Yes,No,No,,,,
WC-0503,David Ortiz,2026-09-22,8:00,FOLSOM HALL,202442,202442-T2,Trash,3YD,75,No,,No,,Yes,No,No,,Coordinated with building manager on placement.,,
WC-0504,David Ortiz,2026-09-22,8:00,FOLSOM HALL,202442,202442-O1,Organics,64GAL,50,No,,No,,Yes,No,No,,Area around bin was clean.,,
WC-0505,Marcus Alvarez,2026-09-22,8:00,MARIPOSA,201018,201018-T1,Trash,3YD,100,No,,No,,No,No,No,,Requested signage refresh near bin.,Vehicle or equipment issue,
WC-0506,Marcus Alvarez,2026-09-22,8:00,MARIPOSA,201018,201018-R2,Recycling,3YD,50,No,,Yes,Food waste in recycling,Yes,No,No,,Coordinated with building manager on placement.,,
WC-0507,Priya Patel,2026-09-22,8:00,RIVERFRONT CR FL,202426,202426-O1,Organics,3YD,50,No,,No,,Yes,No,No,,,,
WC-0508,Priya Patel,2026-09-22,8:00,TAHOE HALL,201026,201026-T3,Trash,3YD,50,No,,Yes,Recyclables in trash,Yes,No,No,,,,
WC-0509,Priya Patel,2026-09-22,8:15,BAC YARD,204226,204226-O1,Organics,64GAL,50,No,,No,,Yes,No,No,,,,
WC-0510,Priya Patel,2026-09-22,8:15,TAHOE HALL,201026,201026-T1,Trash,3YD,75,No,,No,,Yes,No,No,,,,
WC-0511,Priya Patel,2026-09-22,8:15,TAHOE HALL,201026,201026-T2,Trash,3YD,50,No,,No,,Yes,No,No,,,,
WC-0512,Kevin Nguyen,2026-09-22,8:30,AMC SOUTH,201034,201034-T1,Trash,3YD,25,No,,No,,Yes,No,No,,Requested signage refresh near bin.,,
WC-0513,Jasmine Chen,2026-09-22,8:30,CAPISTRANO,201010,201010-T1,Trash,4YD,50,No,,No,,Yes,No,No,,,,
WC-0514,Marcus Alvarez,2026-09-22,8:30,MARIPOSA,201018,201018-R1,Recycling,3YD,0,No,,No,,Yes,No,No,,,,
WC-0515,Marcus Alvarez,2026-09-22,8:30,MARIPOSA,201018,201018-O1,Organics,64GAL,0,No,,Yes,Non-compostable item in organics,Yes,No,No,,,,
WC-0516,Priya Patel,2026-09-22,8:30,TAHOE HALL,201026,201026-O1,Organics,64GAL,75,No,,No,,Yes,No,No,,"High foot traffic area, monitor closely.",,
WC-0517,Kevin Nguyen,2026-09-22,8:45,AMC SOUTH,201034,201034-T2,Trash,3YD,100,No,,No,,Yes,Yes,No,,,,
WC-0518,David Ortiz,2026-09-22,8:45,FOLSOM HALL,202442,202442-T1,Trash,3YD,75,No,,No,,Yes,No,No,,,,
WC-0519,Marcus Alvarez,2026-09-22,8:45,MARIPOSA,201018,201018-T2,Trash,3YD,100,No,,No,,Yes,Yes,No,,"High foot traffic area, monitor closely.",,
WC-0520,Marcus Alvarez,2026-09-22,9:00,ALPINE,201003,201003-O1,Organics,64GAL,75,No,,No,,Yes,No,Yes,Cracked or leaking body,Area around bin was clean.,,
WC-0521,Jasmine Chen,2026-09-22,9:00,HOUSINGRIVERVIEW E,201035,201035-T2,Trash,4YD,75,No,,No,,Yes,No,No,,Coordinated with building manager on placement.,,
WC-0522,Kevin Nguyen,2026-09-22,9:00,MENDOCINO,201019,201019-O1,Organics,64GAL,25,No,,No,,Yes,No,No,,Requested signage refresh near bin.,,
WC-0523,David Ortiz,2026-09-22,9:00,TSCHANNEN SCIENCE COMPLEX,201027,201027-T1,Trash,4YD,50,No,,No,,Yes,No,No,,"High foot traffic area, monitor closely.",,
WC-0524,Jasmine Chen,2026-09-22,9:15,HOUSINGRIVERVIEW E,201035,201035-T1,Trash,4YD,0,No,,No,,Yes,No,No,,,,
WC-0525,Jasmine Chen,2026-09-22,9:15,MODOC HALL,202475,202475-O1,Organics,4YD,100,No,,No,,Yes,Yes,No,,,,
WC-0526,Jasmine Chen,2026-09-22,9:15,MT WHITNEY,212635,212635-T1,Trash,4YD,75,No,,No,,Yes,No,No,,"High foot traffic area, monitor closely.",,
WC-0527,Jasmine Chen,2026-09-22,9:15,MT WHITNEY,212635,212635-O2,Organics,64GAL,50,No,,Yes,Non-compostable item in organics,No,No,No,,,Access blocked,
WC-0528,Priya Patel,2026-09-22,9:30,FACILITIES MANAGEMENT,201011,201011-O1,Organics,64GAL,75,No,,No,,Yes,No,No,,Coordinated with building manager on placement.,,
WC-0529,Jasmine Chen,2026-09-22,9:30,MT WHITNEY,212635,212635-T3,Trash,4YD,50,No,,No,,Yes,No,No,,,,
WC-0530,Jasmine Chen,2026-09-22,9:30,MT WHITNEY,212635,212635-T5,Trash,4YD,100,No,,No,,Yes,Yes,No,,,,
WC-0531,Jasmine Chen,2026-09-22,9:30,MT WHITNEY,212635,212635-O1,Organics,64GAL,25,No,,No,,Yes,No,No,,,,
WC-0532,David Ortiz,2026-09-22,9:30,TSCHANNEN SCIENCE COMPLEX,201027,201027-O1,Organics,64GAL,25,No,,No,,Yes,No,No,,,,
WC-0533,Priya Patel,2026-09-22,9:30,UNIVERSITY UNION,202251,202251-O1,Organics,2YD,75,No,,No,,Yes,No,No,,,,
WC-0534,Jasmine Chen,2026-09-22,9:45,MT WHITNEY,212635,212635-T2,Trash,4YD,25,No,,No,,Yes,No,No,,,,
WC-0535,Jasmine Chen,2026-09-22,9:45,MT WHITNEY,212635,212635-T4,Trash,4YD,75,No,,Yes,Recyclables in trash,Yes,No,No,,"High foot traffic area, monitor closely.",,
WC-0536,Priya Patel,2026-09-22,10:00,RIVERVIEW N,201036,201036-T2,Trash,4YD,50,No,,No,,Yes,No,No,,,,
WC-0537,Priya Patel,2026-09-22,10:15,ARBORETUM TEMP,203596,203596-T1,Trash,4YD,50,No,,No,,Yes,No,No,,Requested signage refresh near bin.,,
WC-0538,Jasmine Chen,2026-09-22,10:15,PUBLIC SAFETY (INSIDE FENCE),201020,201020-T1,Trash,4YD,25,No,,No,,Yes,No,No,,Coordinated with building manager on placement.,,
WC-0539,Marcus Alvarez,2026-09-22,10:15,SIERRA HALL,201028,201028-O1,Organics,64GAL,50,No,,No,,Yes,No,No,,,,
WC-0540,David Ortiz,2026-09-22,10:30,BROAD FIELD HOUSE (ATHLETICS),201012,201012-O1,Organics,64GAL,50,No,,No,,Yes,No,No,,,,
WC-0541,Jasmine Chen,2026-09-22,10:45,PUBLIC SAFETY (INSIDE FENCE),201020,201020-O1,Organics,64GAL,50,No,,No,,Yes,No,No,,,,
WC-0542,Priya Patel,2026-09-22,10:45,RIVERVIEW N,201036,201036-T1,Trash,4YD,100,No,,No,,Yes,No,No,,,,
WC-0543,Priya Patel,2026-09-22,10:45,RIVERVIEW N,201036,201036-T3,Trash,4YD,100,No,,No,,Yes,No,No,,,,
WC-0544,Priya Patel,2026-09-22,10:45,RIVERVIEW N,201036,201036-O1,Organics,4YD,50,No,,No,,Yes,No,No,,Coordinated with building manager on placement.,,
WC-0545,Marcus Alvarez,2026-09-22,10:45,SIERRA HALL,201028,201028-T1,Trash,4YD,75,No,,No,,Yes,No,No,,,,
WC-0546,David Ortiz,2026-09-22,10:45,UNIVERSITY UNION,202252,202252-T1,Trash,30YD,0,No,,No,,Yes,No,No,,,,
WC-0547,Marcus Alvarez,2026-09-22,11:00,KADEMA/LASSEN,201013,201013-T1,Trash,4YD,25,No,,No,,Yes,No,No,,Requested signage refresh near bin.,,
WC-0548,Marcus Alvarez,2026-09-22,11:00,KADEMA/LASSEN,201013,201013-T2,Trash,4YD,75,No,,No,,No,No,No,,,Ran out of time,
WC-0549,Kevin Nguyen,2026-09-22,11:00,KLAMATH HALL,201029,201029-T1,Trash,4YD,100,No,,No,,Yes,No,No,,Requested signage refresh near bin.,,
WC-0550,Kevin Nguyen,2026-09-22,11:00,KLAMATH HALL,201029,201029-O1,Organics,64GAL,50,No,,Yes,Mixed trash in organics,Yes,No,No,,,,
WC-0551,Marcus Alvarez,2026-09-22,11:00,THE WELL FL,202253,202253-O1,Organics,90GAL,50,No,,No,,Yes,No,No,,Area around bin was clean.,,
WC-0552,Jasmine Chen,2026-09-22,11:15,AMADOR,201005,201005-O1,Organics,64GAL,50,No,,Yes,Mixed trash in organics,Yes,No,No,,,,
WC-0553,Kevin Nguyen,2026-09-22,11:15,BOOKSTORE,202469,202469-O1,Organics,64GAL,0,No,,Yes,Non-compostable item in organics,Yes,No,No,,,,
WC-0554,Marcus Alvarez,2026-09-22,11:15,KADEMA/LASSEN,201013,201013-T4,Trash,4YD,0,No,,No,,Yes,No,No,,,,
WC-0555,David Ortiz,2026-09-22,11:15,PERM RO,201037,201037-T2,Trash,25YD,100,No,,No,,Yes,No,No,,,,
WC-0556,Priya Patel,2026-09-22,11:15,RECEIVING/MAIL/REPROGRAPHICS,201021,201021-O1,Organics,64GAL,0,No,,No,,Yes,No,No,,,,
WC-0557,Jasmine Chen,2026-09-22,11:30,ASSOC STUDENT/CHIL,206805,206805-T1,Trash,4YD,25,No,,No,,Yes,No,No,,,,
WC-0558,Marcus Alvarez,2026-09-22,11:30,KADEMA/LASSEN,201013,201013-T3,Trash,4YD,75,No,,No,,Yes,No,No,,,,
WC-0559,Marcus Alvarez,2026-09-22,11:45,KADEMA/LASSEN,201013,201013-O1,Organics,64GAL,25,No,,No,,Yes,No,No,,,,
WC-0560,Priya Patel,2026-09-22,11:45,RECEIVING/MAIL/REPROGRAPHICS,201021,201021-T1,Trash,4YD,75,No,,Yes,Recyclables in trash,Yes,No,No,,,,
WC-0561,Jasmine Chen,2026-09-22,12:00,DRAPER HALL,201030,201030-O1,Organics,64GAL,50,No,,No,,Partial,No,No,,,Ran out of time,
WC-0562,Priya Patel,2026-09-22,12:00,FM TRAILERS,201046,201046-O4,Organics,5YD,75,No,,No,,Yes,No,No,,Requested signage refresh near bin.,,
WC-0563,Priya Patel,2026-09-22,12:00,FM TRAILERS,201046,201046-O6,Organics,5YD,75,No,,No,,Yes,No,No,,,,
WC-0564,Priya Patel,2026-09-22,12:00,FM TRAILERS,201046,201046-O10,Organics,5YD,50,No,,No,,Yes,No,No,,,,
WC-0565,Marcus Alvarez,2026-09-22,12:00,FM TRAILERS/FTBALL,206878,206878-O5,Organics,5YD,100,No,,No,,Yes,No,No,,"High foot traffic area, monitor closely.",,
WC-0566,Jasmine Chen,2026-09-22,12:15,DRAPER HALL,201030,201030-T1,Trash,4YD,100,No,,No,,Yes,Yes,No,,,,
WC-0567,Priya Patel,2026-09-22,12:15,FM TRAILERS,201046,201046-T1,Trash,5YD,75,No,,No,,Yes,No,No,,,,
WC-0568,Priya Patel,2026-09-22,12:15,FM TRAILERS,201046,201046-T3,Trash,5YD,25,No,,No,,Yes,No,No,,Requested signage refresh near bin.,,
WC-0569,Priya Patel,2026-09-22,12:15,FM TRAILERS,201046,201046-O1,Organics,5YD,100,No,,No,,Yes,No,No,,"High foot traffic area, monitor closely.",,
WC-0570,Priya Patel,2026-09-22,12:15,FM TRAILERS,201046,201046-O7,Organics,5YD,100,No,,No,,Yes,Yes,No,,,,
WC-0571,Priya Patel,2026-09-22,12:15,FM TRAILERS,201046,201046-O11,Organics,5YD,50,No,,No,,Yes,No,No,,,,
WC-0572,Marcus Alvarez,2026-09-22,12:15,FM TRAILERS/FTBALL,206878,206878-O2,Organics,5YD,100,No,,No,,Yes,No,No,,Requested signage refresh near bin.,,
WC-0573,Priya Patel,2026-09-22,12:30,FM TRAILERS,201046,201046-T2,Trash,5YD,50,No,,No,,Yes,No,No,,,,
WC-0574,Priya Patel,2026-09-22,12:30,FM TRAILERS,201046,201046-T4,Trash,5YD,75,No,,No,,Yes,No,No,,,,
WC-0575,Priya Patel,2026-09-22,12:30,FM TRAILERS,201046,201046-O2,Organics,5YD,75,No,,No,,Yes,No,No,,,,
WC-0576,Priya Patel,2026-09-22,12:30,FM TRAILERS,201046,201046-O3,Organics,5YD,25,No,,No,,Yes,No,No,,Coordinated with building manager on placement.,,
WC-0577,Priya Patel,2026-09-22,12:30,FM TRAILERS,201046,201046-O5,Organics,5YD,75,No,,No,,Yes,No,No,,,,
WC-0578,Priya Patel,2026-09-22,12:30,FM TRAILERS,201046,201046-O8,Organics,5YD,25,No,,No,,Yes,No,No,,"High foot traffic area, monitor closely.",,
WC-0579,Priya Patel,2026-09-22,12:30,FM TRAILERS,201046,201046-O12,Organics,5YD,25,No,,No,,Yes,No,No,,,,
WC-0580,Marcus Alvarez,2026-09-22,12:30,FM TRAILERS/FTBALL,206878,206878-O1,Organics,5YD,0,No,,No,,Yes,No,No,,Requested signage refresh near bin.,,
WC-0581,Marcus Alvarez,2026-09-22,12:30,FM TRAILERS/FTBALL,206878,206878-O4,Organics,5YD,50,No,,No,,Yes,No,No,,,,
WC-0582,Kevin Nguyen,2026-09-22,12:30,THE WELL RO,202254,202254-T1,Trash,15YD,100,No,,No,,Yes,Yes,No,,Requested signage refresh near bin.,,
WC-0583,Priya Patel,2026-09-22,12:45,ARBORETUM,201006,201006-O1,Organics,4YD,100,No,,No,,Yes,Yes,No,,,,
WC-0584,Priya Patel,2026-09-22,12:45,FM TRAILERS,201046,201046-T5,Trash,5YD,50,No,,No,,Yes,No,No,,Coordinated with building manager on placement.,,
WC-0585,Priya Patel,2026-09-22,12:45,FM TRAILERS,201046,201046-O9,Organics,5YD,75,No,,Yes,Mixed trash in organics,Yes,No,No,,,,
WC-0586,Marcus Alvarez,2026-09-22,12:45,FM TRAILERS/FTBALL,206878,206878-O3,Organics,5YD,75,No,,No,,Yes,No,No,,,,
WC-0587,Kevin Nguyen,2026-09-22,12:45,HARPER ALUMNI CTR,202334,202334-O1,Organics,64GAL,100,No,,No,,Yes,Yes,No,,,,
WC-0588,David Ortiz,2026-09-22,12:45,RIVERSIDE ENGINEERING,201022,201022-T1,Trash,4YD,50,No,,No,,Yes,No,No,,,,
WC-0589,David Ortiz,2026-09-22,12:45,RIVERSIDE ENGINEERING,201022,201022-T2,Trash,4YD,75,No,,No,,Yes,No,No,,Coordinated with building manager on placement.,,
WC-0590,David Ortiz,2026-09-22,12:45,RIVERSIDE ENGINEERING,201022,201022-O1,Organics,64GAL,25,No,,No,,Yes,No,No,,,,
WC-0591,Priya Patel,2026-09-22,13:00,DINING COMMONS RO,202431,202431-O1,Organics,20YD,50,No,,No,,Yes,No,No,,,,
WC-0592,Marcus Alvarez,2026-09-22,13:00,SACRAMENTO,201023,201023-T1,Trash,4YD,100,No,,No,,Yes,Yes,No,,,,
WC-0593,Marcus Alvarez,2026-09-22,13:00,SACRAMENTO,201023,201023-T2,Trash,4YD,75,No,,No,,Yes,No,No,,Area around bin was clean.,,
WC-0594,Marcus Alvarez,2026-09-22,13:00,SACRAMENTO,201023,201023-O1,Organics,64GAL,25,No,,Yes,Non-compostable item in organics,Yes,No,No,,,,
WC-0595,David Ortiz,2026-09-22,13:30,ART SCULPTURE LAB,201007,201007-T1,Trash,4YD,25,No,,No,,Yes,No,No,,Requested signage refresh near bin.,,
WC-0596,Marcus Alvarez,2026-09-23,6:00,ATHLETIC CENTER (FORM. STUDENT HEALTH),201008,201008-R1,Recycling,4YD,75,No,,Yes,Mixed trash in recycling,Yes,No,No,,Requested signage refresh near bin.,,
WC-0597,Kevin Nguyen,2026-09-23,6:00,SHASTA HALL,201024,201024-R1,Recycling,3YD,75,No,,No,,Yes,No,No,,,,
WC-0598,Jasmine Chen,2026-09-23,6:30,UNIV UNION E.DOCK,202440,202440-R1,Recycling,6YD,50,No,,No,,Yes,No,No,,,,
WC-0599,David Ortiz,2026-09-23,6:45,NAPA HALL RO,202472,202472-T1,Trash,15YD,100,No,,No,,Yes,Yes,No,,Requested signage refresh near bin.,,
WC-0600,Marcus Alvarez,2026-09-23,7:00,DINING COMMONS,202433,202433-T1,Trash,4YD,100,No,,No,,Yes,Yes,No,,Area around bin was clean.,,
WC-0601,Marcus Alvarez,2026-09-23,7:00,DINING COMMONS,202433,202433-R2,Recycling,8YD,50,No,,Yes,Mixed trash in recycling,Yes,No,No,,,,
WC-0602,Marcus Alvarez,2026-09-23,7:15,AMC NORTH,201033,201033-R1,Recycling,4YD,50,No,,No,,Yes,No,No,,,,
WC-0603,Kevin Nguyen,2026-09-23,7:30,BRIGHTON,201009,201009-R1,Recycling,4YD,50,No,,No,,Yes,No,No,,Requested signage refresh near bin.,,
WC-0604,Jasmine Chen,2026-09-23,7:30,SEQUOIA,201025,201025-R1,Recycling,8YD,25,No,,No,,Partial,No,No,,,Bin locked or inaccessible,
WC-0605,Kevin Nguyen,2026-09-23,7:45,BRIGHTON,201009,201009-T1,Trash,4YD,50,No,,No,,Yes,No,No,,,,
WC-0606,Marcus Alvarez,2026-09-23,7:45,DINING COMMONS,202433,202433-R1,Recycling,8YD,25,No,,No,,Yes,No,No,,,,
WC-0607,Marcus Alvarez,2026-09-23,7:45,NAPA HALL,202473,202473-R1,Recycling,4YD,25,No,,No,,Yes,No,No,,,,
WC-0608,Kevin Nguyen,2026-09-23,8:00,AMC SOUTH,201034,201034-R1,Recycling,3YD,75,No,,No,,Yes,No,No,,,,
WC-0609,Kevin Nguyen,2026-09-23,8:00,AMC SOUTH,201034,201034-R2,Recycling,3YD,75,No,,No,,Yes,No,No,,,,
WC-0610,David Ortiz,2026-09-23,8:00,FOLSOM HALL,202442,202442-T1,Trash,3YD,100,No,,No,,Yes,Yes,No,,Coordinated with building manager on placement.,,
WC-0611,David Ortiz,2026-09-23,8:00,FOLSOM HALL,202442,202442-T2,Trash,3YD,75,No,,No,,Yes,No,No,,,,
WC-0612,Priya Patel,2026-09-23,8:00,RIVERFRONT CR FL,202426,202426-R1,Recycling,6YD,50,No,,Yes,Liquids in container,Yes,No,No,,Area around bin was clean.,,
WC-0613,David Ortiz,2026-09-23,8:15,FOLSOM HALL,202442,202442-R2,Recycling,3YD,100,No,,No,,Yes,Yes,No,,Area around bin was clean.,,
WC-0614,Priya Patel,2026-09-23,8:30,TAHOE HALL,201026,201026-R1,Recycling,4YD,100,No,,No,,Yes,Yes,No,,,,
WC-0615,Jasmine Chen,2026-09-23,8:45,CAPISTRANO,201010,201010-R1,Recycling,4YD,25,No,,Yes,Food waste in recycling,Yes,No,No,,,,
WC-0616,David Ortiz,2026-09-23,8:45,FOLSOM HALL,202442,202442-R1,Recycling,3YD,25,No,,Yes,Liquids in container,Yes,No,No,,,,
WC-0617,Priya Patel,2026-09-23,9:00,FACILITIES MANAGEMENT,201011,201011-T2,Trash,4YD,50,No,,No,,Yes,No,No,,Requested signage refresh near bin.,,
WC-0618,Jasmine Chen,2026-09-23,9:00,HOUSINGRIVERVIEW E,201035,201035-R1,Recycling,4YD,75,No,,No,,Yes,No,No,,,,
WC-0619,Kevin Nguyen,2026-09-23,9:00,MENDOCINO,201019,201019-T1,Trash,8YD,100,No,,No,,Yes,No,No,,,,
WC-0620,Jasmine Chen,2026-09-23,9:00,MT WHITNEY,212635,212635-R1,Recycling,3YD,100,No,,No,,Yes,No,No,,,,
WC-0621,David Ortiz,2026-09-23,9:00,TSCHANNEN SCIENCE COMPLEX,201027,201027-R1,Recycling,4YD,0,No,,No,,Yes,No,No,,,,
WC-0622,Kevin Nguyen,2026-09-23,9:15,MENDOCINO,201019,201019-R1,Recycling,6YD,25,No,,No,,Yes,No,No,,Area around bin was clean.,,
WC-0623,Marcus Alvarez,2026-09-23,9:30,ALPINE,201003,201003-T1,Trash,4YD,100,No,,No,,Yes,Yes,No,,"High foot traffic area, monitor closely.",,
WC-0624,Jasmine Chen,2026-09-23,9:30,HOUSINGRIVERVIEW E,201035,201035-R2,Recycling,4YD,25,No,,No,,Yes,No,No,,Coordinated with building manager on placement.,,
WC-0625,Jasmine Chen,2026-09-23,9:30,MODOC HALL,202475,202475-R1,Recycling,4YD,25,No,,No,,Yes,No,No,,Requested signage refresh near bin.,,
WC-0626,David Ortiz,2026-09-23,9:30,TSCHANNEN SCIENCE COMPLEX,201027,201027-R2,Recycling,4YD,100,No,,No,,Yes,No,No,,,,
WC-0627,Marcus Alvarez,2026-09-23,9:45,ALPINE,201003,201003-T2,Trash,4YD,50,No,,No,,Yes,No,No,,,,
WC-0628,Kevin Nguyen,2026-09-23,9:45,BASKETBALL FACILIT,212579,212579-T1,Trash,4YD,0,No,,Yes,Recyclables in trash,Yes,No,No,,,,
WC-0629,Priya Patel,2026-09-23,9:45,FACILITIES MANAGEMENT,201011,201011-T1,Trash,4YD,50,No,,No,,Yes,No,No,,,,
WC-0630,Priya Patel,2026-09-23,9:45,UNIVERSITY UNION,202251,202251-R1,Recycling,6YD,25,No,,No,,Yes,No,No,,Requested signage refresh near bin.,,
WC-0631,David Ortiz,2026-09-23,10:15,BROAD FIELD HOUSE (ATHLETICS),201012,201012-T1,Trash,4YD,100,No,,No,,Yes,No,No,,Requested signage refresh near bin.,,
WC-0632,Marcus Alvarez,2026-09-23,10:15,SIERRA HALL,201028,201028-R1,Recycling,4YD,25,No,,No,,Yes,No,No,,Coordinated with building manager on placement.,,
WC-0633,Priya Patel,2026-09-23,10:30,23RD AVE WAREHOUSE,202476,202476-R1,Recycling,3YD,25,No,,Yes,Mixed trash in recycling,Yes,No,No,,,,
WC-0634,David Ortiz,2026-09-23,10:30,BROAD FIELD HOUSE (ATHLETICS),201012,201012-T2,Trash,4YD,50,No,,No,,Yes,No,No,,,,
WC-0635,Jasmine Chen,2026-09-23,10:30,PUBLIC SAFETY (INSIDE FENCE),201020,201020-R1,Recycling,1YD,100,No,,No,,Yes,No,No,,Area around bin was clean.,,
WC-0636,David Ortiz,2026-09-23,10:45,BROAD FIELD HOUSE (ATHLETICS),201012,201012-R1,Recycling,4YD,25,No,,Yes,Liquids in container,Yes,No,No,,,,
WC-0637,Priya Patel,2026-09-23,10:45,RIVERVIEW N,201036,201036-R1,Recycling,4YD,75,No,,No,,Yes,No,No,,,,
WC-0638,Priya Patel,2026-09-23,11:00,RECEIVING/MAIL/REPROGRAPHICS,201021,201021-R1,Recycling,4YD,100,No,,No,,Yes,No,No,,,,
WC-0639,Jasmine Chen,2026-09-23,11:15,AMADOR,201005,201005-R1,Recycling,4YD,50,No,,No,,Yes,No,No,,,,
WC-0640,Marcus Alvarez,2026-09-23,11:15,KADEMA/LASSEN,201013,201013-R2,Recycling,4YD,50,No,,No,,Yes,No,No,,,,
WC-0641,Kevin Nguyen,2026-09-23,11:30,KLAMATH HALL,201029,201029-R1,Recycling,4YD,50,No,,No,,Yes,No,No,,,,
WC-0642,Kevin Nguyen,2026-09-23,11:45,BOOKSTORE,202469,202469-R1,Recycling,4YD,,No,,No,,No,No,No,,,Ran out of time,
WC-0643,Marcus Alvarez,2026-09-23,11:45,KADEMA/LASSEN,201013,201013-R1,Recycling,4YD,25,No,,Yes,Liquids in container,Yes,No,No,,Area around bin was clean.,,
WC-0644,Priya Patel,2026-09-23,12:00,FM TRAILERS,201046,201046-T5,Trash,5YD,75,No,,No,,Yes,No,No,,Requested signage refresh near bin.,,
WC-0645,Priya Patel,2026-09-23,12:00,FM TRAILERS,201046,201046-O1,Organics,5YD,75,No,,No,,Yes,No,No,,,,
WC-0646,Priya Patel,2026-09-23,12:00,FM TRAILERS,201046,201046-O10,Organics,5YD,75,No,,No,,Yes,No,No,,,,
WC-0647,Priya Patel,2026-09-23,12:00,FM TRAILERS,201046,201046-O11,Organics,5YD,50,No,,No,,No,No,No,,Requested signage refresh near bin.,Vehicle or equipment issue,
WC-0648,Kevin Nguyen,2026-09-23,12:00,HARPER ALUMNI CTR,202334,202334-T1,Trash,4YD,75,No,,No,,Yes,No,No,,Area around bin was clean.,,
WC-0649,Kevin Nguyen,2026-09-23,12:00,HARPER ALUMNI CTR,202334,202334-R1,Recycling,4YD,75,No,,No,,Yes,No,No,,Requested signage refresh near bin.,,
WC-0650,Jasmine Chen,2026-09-23,12:15,DRAPER HALL,201030,201030-R1,Recycling,4YD,75,No,,No,,Yes,No,No,,Coordinated with building manager on placement.,,
WC-0651,Priya Patel,2026-09-23,12:15,FM TRAILERS,201046,201046-T4,Trash,5YD,75,No,,No,,Yes,No,No,,,,
WC-0652,Priya Patel,2026-09-23,12:15,FM TRAILERS,201046,201046-O2,Organics,5YD,50,No,,No,,Yes,No,No,,Requested signage refresh near bin.,,
WC-0653,Priya Patel,2026-09-23,12:15,FM TRAILERS,201046,201046-O4,Organics,5YD,50,No,,No,,Yes,No,No,,,,
WC-0654,Priya Patel,2026-09-23,12:15,FM TRAILERS,201046,201046-O5,Organics,5YD,75,No,,No,,Yes,No,No,,,,
WC-0655,Priya Patel,2026-09-23,12:15,FM TRAILERS,201046,201046-O7,Organics,5YD,100,No,,No,,Yes,Yes,No,,Coordinated with building manager on placement.,,
WC-0656,David Ortiz,2026-09-23,12:15,RIVERSIDE ENGINEERING,201022,201022-R1,Recycling,4YD,100,No,,No,,Yes,No,No,,,,
WC-0657,Priya Patel,2026-09-23,12:30,FM TRAILERS,201046,201046-T1,Trash,5YD,75,No,,No,,Yes,No,No,,Requested signage refresh near bin.,,
WC-0658,Priya Patel,2026-09-23,12:30,FM TRAILERS,201046,201046-O3,Organics,5YD,50,No,,Yes,Mixed trash in organics,Yes,No,No,,"High foot traffic area, monitor closely.",,
WC-0659,Priya Patel,2026-09-23,12:30,FM TRAILERS,201046,201046-O9,Organics,5YD,75,No,,No,,Yes,No,No,,,,
WC-0660,Priya Patel,2026-09-23,12:45,FM TRAILERS,201046,201046-T2,Trash,5YD,25,No,,Yes,Recyclables in trash,Yes,No,No,,,,
WC-0661,Priya Patel,2026-09-23,12:45,FM TRAILERS,201046,201046-T3,Trash,5YD,75,No,,No,,Yes,No,No,,"High foot traffic area, monitor closely.",,
WC-0662,Priya Patel,2026-09-23,12:45,FM TRAILERS,201046,201046-O6,Organics,5YD,50,No,,No,,Yes,No,No,,,,
WC-0663,Priya Patel,2026-09-23,12:45,FM TRAILERS,201046,201046-O8,Organics,5YD,50,No,,No,,Yes,No,No,,,,
WC-0664,Priya Patel,2026-09-23,12:45,FM TRAILERS,201046,201046-O12,Organics,5YD,50,No,,Yes,Non-compostable item in organics,Yes,No,No,,,,
WC-0665,Priya Patel,2026-09-23,13:15,BOOKSTORE RO,202471,202471-T1,Trash,15YD,0,No,,No,,Yes,No,No,,Area around bin was clean.,,
WC-0666,Marcus Alvarez,2026-09-23,13:45,SACRAMENTO,201023,201023-R1,Recycling,4YD,75,No,,No,,Yes,No,No,,"High foot traffic area, monitor closely.",,
WC-0667,David Ortiz,2026-09-24,6:30,DESMOND HALL,201032,201032-T1,Trash,4YD,100,No,,No,,Yes,Yes,No,,,,
WC-0668,David Ortiz,2026-09-24,6:30,DESMOND HALL,201032,201032-R1,Recycling,4YD,50,No,,No,,Yes,No,No,,,,
WC-0669,Marcus Alvarez,2026-09-24,7:00,AMC NORTH,201033,201033-T2,Trash,4YD,75,No,,No,,Yes,No,No,,Requested signage refresh near bin.,,
WC-0670,David Ortiz,2026-09-24,7:00,AQUATIC CENTER,173577,173577-O1,Organics,64GAL,25,No,,No,,Yes,No,No,,"High foot traffic area, monitor closely.",,
WC-0671,Marcus Alvarez,2026-09-24,7:15,AMC NORTH,201033,201033-T1,Trash,4YD,75,No,,No,,Yes,No,No,,Coordinated with building manager on placement.,,
WC-0672,David Ortiz,2026-09-24,7:15,AQUATIC CENTER,173577,173577-R1,Recycling,4YD,50,No,,No,,Yes,No,No,,Coordinated with building manager on placement.,,
WC-0673,Kevin Nguyen,2026-09-24,8:00,AMC SOUTH,201034,201034-T1,Trash,3YD,25,No,,No,,Yes,No,No,,Area around bin was clean.,,
WC-0674,Kevin Nguyen,2026-09-24,8:15,AMC SOUTH,201034,201034-T2,Trash,3YD,50,No,,No,,Yes,No,No,,Coordinated with building manager on placement.,,
WC-0675,David Ortiz,2026-09-24,8:15,FOLSOM HALL,202442,202442-T1,Trash,3YD,75,No,,No,,Yes,No,No,,Coordinated with building manager on placement.,,
WC-0676,David Ortiz,2026-09-24,8:15,FOLSOM HALL,202442,202442-T2,Trash,3YD,50,No,,No,,Yes,No,No,,Requested signage refresh near bin.,,
WC-0677,Kevin Nguyen,2026-09-24,8:45,AMC SOUTH,201034,201034-T3,Trash,3YD,50,No,,No,,Yes,No,No,,Coordinated with building manager on placement.,,
WC-0678,Priya Patel,2026-09-24,8:45,BAC YARD,204226,204226-T1,Trash,96GAL,25,No,,No,,Yes,No,No,,,,
WC-0679,Jasmine Chen,2026-09-24,9:00,HOUSINGRIVERVIEW E,201035,201035-T1,Trash,4YD,25,No,,No,,Yes,No,No,,,,
WC-0680,Jasmine Chen,2026-09-24,9:00,MT WHITNEY,212635,212635-T1,Trash,4YD,50,No,,No,,Yes,No,No,,Coordinated with building manager on placement.,,
WC-0681,Jasmine Chen,2026-09-24,9:00,MT WHITNEY,212635,212635-T2,Trash,4YD,0,No,,No,,Yes,No,No,,,,
WC-0682,Jasmine Chen,2026-09-24,9:00,MT WHITNEY,212635,212635-T5,Trash,4YD,100,No,,Yes,Recyclables in trash,Yes,No,No,,Coordinated with building manager on placement.,,
WC-0683,Jasmine Chen,2026-09-24,9:15,HOUSINGRIVERVIEW E,201035,201035-T2,Trash,4YD,75,No,,No,,Yes,No,No,,,,
WC-0684,Kevin Nguyen,2026-09-24,9:45,BASKETBALL FACILIT,212579,212579-O1,Organics,64GAL,0,No,,No,,Yes,No,No,,,,
WC-0685,Jasmine Chen,2026-09-24,9:45,MT WHITNEY,212635,212635-T3,Trash,4YD,50,No,,No,,Yes,No,No,,Area around bin was clean.,,
WC-0686,Jasmine Chen,2026-09-24,9:45,MT WHITNEY,212635,212635-T4,Trash,4YD,50,No,,No,,Yes,No,No,,Area around bin was clean.,,
WC-0687,Priya Patel,2026-09-24,10:00,ARBORETUM TEMP,203596,203596-T1,Trash,4YD,50,No,,No,,Yes,No,No,,Area around bin was clean.,,
WC-0688,Priya Patel,2026-09-24,10:00,RIVERVIEW N,201036,201036-T1,Trash,4YD,100,No,,No,,Yes,No,No,,Coordinated with building manager on placement.,,
WC-0689,Priya Patel,2026-09-24,10:00,RIVERVIEW N,201036,201036-T2,Trash,4YD,25,No,,No,,Yes,No,No,,,,
WC-0690,Marcus Alvarez,2026-09-24,10:00,SIERRA HALL,201028,201028-T1,Trash,4YD,50,No,,No,,Yes,No,No,,,,
WC-0691,Priya Patel,2026-09-24,10:15,23RD AVE WAREHOUSE,202476,202476-T1,Trash,3YD,100,No,,No,,Yes,No,No,,,,
WC-0692,Priya Patel,2026-09-24,10:15,23RD AVE WAREHOUSE,202476,202476-O1,Organics,64GAL,25,No,,No,,Yes,No,Yes,Broken or missing lid,Area around bin was clean.,,
WC-0693,Priya Patel,2026-09-24,10:30,RIVERVIEW N,201036,201036-T3,Trash,4YD,100,No,,No,,Yes,No,No,,,,
WC-0694,Jasmine Chen,2026-09-24,11:30,ASSOC STUDENT/CHIL,206805,206805-T1,Trash,4YD,75,No,,No,,Yes,No,No,,,,
WC-0695,Kevin Nguyen,2026-09-24,11:30,KLAMATH HALL,201029,201029-T1,Trash,4YD,75,No,,No,,Yes,No,No,,,,
WC-0696,Jasmine Chen,2026-09-24,11:45,AMADOR,201005,201005-T1,Trash,4YD,100,No,,No,,Yes,No,No,,,,
WC-0697,Priya Patel,2026-09-24,12:00,ARBORETUM,201006,201006-O1,Organics,4YD,100,No,,Yes,Non-compostable item in organics,Yes,Yes,No,,,,
WC-0698,Priya Patel,2026-09-24,12:00,FM TRAILERS,201046,201046-T4,Trash,5YD,50,No,,No,,Yes,No,No,,"High foot traffic area, monitor closely.",,
WC-0699,Priya Patel,2026-09-24,12:00,FM TRAILERS,201046,201046-T5,Trash,5YD,50,No,,No,,Yes,No,No,,,,
WC-0700,Priya Patel,2026-09-24,12:00,FM TRAILERS,201046,201046-O1,Organics,5YD,,No,,No,,No,No,No,,,Ran out of time,
WC-0701,Priya Patel,2026-09-24,12:00,FM TRAILERS,201046,201046-O9,Organics,5YD,75,No,,No,,Yes,No,No,,,,
WC-0702,Priya Patel,2026-09-24,12:00,FM TRAILERS,201046,201046-O10,Organics,5YD,75,No,,No,,Yes,No,No,,Requested signage refresh near bin.,,
WC-0703,Priya Patel,2026-09-24,12:00,FM TRAILERS,201046,201046-O11,Organics,5YD,75,No,,Yes,Non-compostable item in organics,Yes,No,No,,,,
WC-0704,Priya Patel,2026-09-24,12:00,FM TRAILERS,201046,201046-O12,Organics,5YD,50,No,,No,,Yes,No,No,,,,
WC-0705,Priya Patel,2026-09-24,12:15,FM TRAILERS,201046,201046-O2,Organics,5YD,75,No,,No,,Yes,No,No,,Area around bin was clean.,,
WC-0706,Priya Patel,2026-09-24,12:15,FM TRAILERS,201046,201046-O4,Organics,5YD,75,No,,No,,Yes,No,No,,Requested signage refresh near bin.,,
WC-0707,Priya Patel,2026-09-24,12:15,FM TRAILERS,201046,201046-O7,Organics,5YD,100,No,,No,,Yes,No,No,,"High foot traffic area, monitor closely.",,
WC-0708,Priya Patel,2026-09-24,12:15,FM TRAILERS,201046,201046-O8,Organics,5YD,50,No,,No,,Yes,No,No,,Requested signage refresh near bin.,,
WC-0709,David Ortiz,2026-09-24,12:15,LIBRARY CP,204622,204622-T1,Trash,25YD,25,No,,No,,No,No,No,,,Access blocked,
WC-0710,Priya Patel,2026-09-24,12:30,FM TRAILERS,201046,201046-O5,Organics,5YD,100,No,,No,,Yes,No,No,,,,
WC-0711,Jasmine Chen,2026-09-24,12:45,DRAPER HALL,201030,201030-T1,Trash,4YD,100,No,,No,,Yes,Yes,No,,,,
WC-0712,Priya Patel,2026-09-24,12:45,FM TRAILERS,201046,201046-T1,Trash,5YD,100,No,,No,,Yes,No,No,,,,
WC-0713,Priya Patel,2026-09-24,12:45,FM TRAILERS,201046,201046-T2,Trash,5YD,50,No,,No,,Yes,No,No,,,,
WC-0714,Priya Patel,2026-09-24,12:45,FM TRAILERS,201046,201046-T3,Trash,5YD,25,No,,No,,Yes,No,No,,Area around bin was clean.,,
WC-0715,Priya Patel,2026-09-24,12:45,FM TRAILERS,201046,201046-O3,Organics,5YD,50,No,,No,,Yes,No,No,,,,
WC-0716,Priya Patel,2026-09-24,12:45,FM TRAILERS,201046,201046-O6,Organics,5YD,75,No,,No,,Yes,No,No,,,,
WC-0717,David Ortiz,2026-09-25,6:00,DESMOND HALL,201032,201032-T1,Trash,4YD,75,No,,No,,Yes,No,No,,,,
WC-0718,Kevin Nguyen,2026-09-25,6:15,SHASTA HALL,201024,201024-T1,Trash,3YD,75,No,,No,,Yes,No,No,,,,
WC-0719,Kevin Nguyen,2026-09-25,6:15,SHASTA HALL,201024,201024-T2,Trash,3YD,100,No,,No,,Yes,No,No,,"High foot traffic area, monitor closely.",,
WC-0720,Marcus Alvarez,2026-09-25,6:30,DOWNTOWN CAMPUS,190408,190408-T1,Trash,2YD,75,No,,No,,Yes,No,No,,,,
WC-0721,Jasmine Chen,2026-09-25,6:30,UNIV UNION E.DOCK,202440,202440-R1,Recycling,6YD,75,No,,No,,Yes,No,No,,,,
WC-0722,Marcus Alvarez,2026-09-25,6:45,ATHLETIC CENTER (FORM. STUDENT HEALTH),201008,201008-T1,Trash,4YD,75,No,,No,,Yes,No,No,,Requested signage refresh near bin.,,
WC-0723,Marcus Alvarez,2026-09-25,7:00,AMC NORTH,201033,201033-T2,Trash,4YD,75,No,,No,,Yes,No,No,,"High foot traffic area, monitor closely.",,
WC-0724,Marcus Alvarez,2026-09-25,7:15,AMC NORTH,201033,201033-T1,Trash,4YD,75,No,,No,,Yes,No,No,,Requested signage refresh near bin.,,
WC-0725,Marcus Alvarez,2026-09-25,7:15,AMC NORTH,201033,201033-R1,Recycling,4YD,50,No,,No,,Yes,No,No,,,,
WC-0726,David Ortiz,2026-09-25,7:15,AQUATIC CENTER,173577,173577-T1,Trash,4YD,75,No,,No,,Yes,No,No,,,,
WC-0727,Marcus Alvarez,2026-09-25,7:15,DINING COMMONS,202433,202433-R1,Recycling,8YD,50,No,,No,,Yes,No,No,,Requested signage refresh near bin.,,
WC-0728,Marcus Alvarez,2026-09-25,7:15,DINING COMMONS,202433,202433-R2,Recycling,8YD,75,No,,No,,Yes,No,No,,Requested signage refresh near bin.,,
WC-0729,Jasmine Chen,2026-09-25,7:15,SEQUOIA,201025,201025-T1,Trash,4YD,100,No,,No,,Yes,No,Yes,Wheel damaged,,,
WC-0730,Jasmine Chen,2026-09-25,7:15,SEQUOIA,201025,201025-T2,Trash,4YD,75,No,,No,,Partial,No,No,,,Bin locked or inaccessible,
WC-0731,Marcus Alvarez,2026-09-25,7:30,DINING COMMONS,202433,202433-T1,Trash,4YD,100,No,,No,,Yes,No,No,,Requested signage refresh near bin.,,
WC-0732,Kevin Nguyen,2026-09-25,7:45,BRIGHTON,201009,201009-T1,Trash,4YD,50,No,,No,,Yes,No,Yes,Broken or missing lid,,,
WC-0733,Jasmine Chen,2026-09-25,8:00,CAPISTRANO,201010,201010-T1,Trash,4YD,50,No,,No,,Yes,No,No,,Requested signage refresh near bin.,,
WC-0734,Marcus Alvarez,2026-09-25,8:00,MARIPOSA,201018,201018-T1,Trash,3YD,100,No,,No,,Yes,Yes,No,,,,
WC-0735,Marcus Alvarez,2026-09-25,8:00,MARIPOSA,201018,201018-T2,Trash,3YD,75,No,,Yes,Recyclables in trash,Yes,No,No,,Requested signage refresh near bin.,,
WC-0736,Priya Patel,2026-09-25,8:00,RIVERFRONT CR FL,202426,202426-R1,Recycling,6YD,25,No,,No,,Yes,No,No,,Requested signage refresh near bin.,,
WC-0737,Kevin Nguyen,2026-09-25,8:15,AMC SOUTH,201034,201034-T1,Trash,3YD,25,No,,No,,Yes,No,No,,Coordinated with building manager on placement.,,
WC-0738,Kevin Nguyen,2026-09-25,8:15,AMC SOUTH,201034,201034-T2,Trash,3YD,50,No,,No,,Yes,No,No,,,,
WC-0739,David Ortiz,2026-09-25,8:15,FOLSOM HALL,202442,202442-T2,Trash,3YD,50,No,,Yes,Recyclables in trash,Yes,No,No,,,,
WC-0740,David Ortiz,2026-09-25,8:15,FOLSOM HALL,202442,202442-R2,Recycling,3YD,75,No,,No,,Yes,No,No,,,,
WC-0741,Priya Patel,2026-09-25,8:15,TAHOE HALL,201026,201026-T1,Trash,3YD,75,No,,No,,Yes,No,No,,Area around bin was clean.,,
WC-0742,Priya Patel,2026-09-25,8:15,TAHOE HALL,201026,201026-T3,Trash,3YD,50,No,,No,,Yes,No,No,,,,
WC-0743,Kevin Nguyen,2026-09-25,8:30,AMC SOUTH,201034,201034-T3,Trash,3YD,50,No,,No,,No,No,No,,,Ran out of time,
WC-0744,Kevin Nguyen,2026-09-25,8:30,AMC SOUTH,201034,201034-R2,Recycling,3YD,75,No,,No,,Yes,No,No,,Area around bin was clean.,,
WC-0745,Kevin Nguyen,2026-09-25,8:45,AMC SOUTH,201034,201034-R1,Recycling,3YD,50,No,,No,,Yes,No,No,,Requested signage refresh near bin.,,
WC-0746,David Ortiz,2026-09-25,8:45,FOLSOM HALL,202442,202442-T1,Trash,3YD,50,No,,No,,Yes,No,No,,,,
WC-0747,David Ortiz,2026-09-25,8:45,FOLSOM HALL,202442,202442-R1,Recycling,3YD,50,No,,No,,Yes,No,No,,"High foot traffic area, monitor closely.",,
WC-0748,Priya Patel,2026-09-25,8:45,TAHOE HALL,201026,201026-T2,Trash,3YD,,No,,No,,No,No,No,,,Vehicle or equipment issue,
WC-0749,Jasmine Chen,2026-09-25,9:00,HOUSINGRIVERVIEW E,201035,201035-R2,Recycling,4YD,25,No,,No,,Yes,No,No,,"High foot traffic area, monitor closely.",,
WC-0750,Kevin Nguyen,2026-09-25,9:00,MENDOCINO,201019,201019-T1,Trash,8YD,100,No,,No,,Yes,No,No,,"High foot traffic area, monitor closely.",,
WC-0751,Jasmine Chen,2026-09-25,9:00,MT WHITNEY,212635,212635-T1,Trash,4YD,25,No,,No,,Yes,No,No,,,,
WC-0752,Jasmine Chen,2026-09-25,9:00,MT WHITNEY,212635,212635-T2,Trash,4YD,25,No,,No,,Yes,No,No,,,,
WC-0753,Priya Patel,2026-09-25,9:00,UNIVERSITY UNION,202251,202251-O1,Organics,2YD,50,No,,No,,Yes,No,No,,,,
WC-0754,Marcus Alvarez,2026-09-25,9:15,ALPINE,201003,201003-T1,Trash,4YD,100,No,,No,,Yes,No,No,,Requested signage refresh near bin.,,
WC-0755,Jasmine Chen,2026-09-25,9:15,HOUSINGRIVERVIEW E,201035,201035-T1,Trash,4YD,25,No,,No,,Yes,No,No,,,,
WC-0756,Jasmine Chen,2026-09-25,9:15,MT WHITNEY,212635,212635-T3,Trash,4YD,75,No,,No,,Yes,No,No,,Requested signage refresh near bin.,,
WC-0757,Jasmine Chen,2026-09-25,9:15,MT WHITNEY,212635,212635-T4,Trash,4YD,50,No,,No,,Yes,No,No,,,,
WC-0758,David Ortiz,2026-09-25,9:15,TSCHANNEN SCIENCE COMPLEX,201027,201027-T1,Trash,4YD,50,No,,No,,Yes,No,No,,,,
WC-0759,Marcus Alvarez,2026-09-25,9:30,ALPINE,201003,201003-T2,Trash,4YD,75,No,,No,,Yes,No,Yes,Wheel damaged,,,
WC-0760,Jasmine Chen,2026-09-25,9:30,HOUSINGRIVERVIEW E,201035,201035-T2,Trash,4YD,50,No,,No,,Yes,No,No,,,,
WC-0761,Jasmine Chen,2026-09-25,9:30,MODOC HALL,202475,202475-R1,Recycling,4YD,50,No,,No,,Yes,No,No,,,,
WC-0762,Jasmine Chen,2026-09-25,9:30,MT WHITNEY,212635,212635-T5,Trash,4YD,50,No,,No,,Yes,No,No,,,,
WC-0763,Jasmine Chen,2026-09-25,9:30,MT WHITNEY,212635,212635-R1,Recycling,3YD,100,No,,No,,Yes,No,No,,,,
WC-0764,Priya Patel,2026-09-25,9:30,UNIVERSITY UNION,202251,202251-R1,Recycling,6YD,75,No,,Yes,Liquids in container,Yes,No,No,,,,
WC-0765,Jasmine Chen,2026-09-25,9:45,HOUSINGRIVERVIEW E,201035,201035-R1,Recycling,4YD,50,No,,No,,Partial,No,No,,Requested signage refresh near bin.,Bin locked or inaccessible,
WC-0766,David Ortiz,2026-09-25,10:00,BROAD FIELD HOUSE (ATHLETICS),201012,201012-T2,Trash,4YD,50,No,,No,,Yes,No,No,,,,
WC-0767,Jasmine Chen,2026-09-25,10:00,PUBLIC SAFETY (INSIDE FENCE),201020,201020-T1,Trash,4YD,25,No,,No,,Yes,No,No,,,,
WC-0768,Priya Patel,2026-09-25,10:00,RIVERVIEW N,201036,201036-T1,Trash,4YD,100,No,,No,,Yes,No,No,,Requested signage refresh near bin.,,
WC-0769,David Ortiz,2026-09-25,10:15,BROAD FIELD HOUSE (ATHLETICS),201012,201012-T1,Trash,4YD,100,No,,Yes,Recyclables in trash,Yes,Yes,No,,,,
WC-0770,Priya Patel,2026-09-25,10:15,RIVERVIEW N,201036,201036-T2,Trash,4YD,50,No,,No,,Yes,No,No,,"High foot traffic area, monitor closely.",,
WC-0771,Priya Patel,2026-09-25,10:15,RIVERVIEW N,201036,201036-R1,Recycling,4YD,75,No,,No,,Yes,No,No,,,,
WC-0772,Marcus Alvarez,2026-09-25,10:15,SIERRA HALL,201028,201028-T1,Trash,4YD,50,No,,No,,Yes,No,No,,Area around bin was clean.,,
WC-0773,Priya Patel,2026-09-25,10:45,RIVERVIEW N,201036,201036-T3,Trash,4YD,100,No,,No,,Yes,No,No,,Area around bin was clean.,,
WC-0774,Marcus Alvarez,2026-09-25,11:00,KADEMA/LASSEN,201013,201013-T2,Trash,4YD,50,No,,No,,Yes,No,Yes,Cracked or leaking body,,,
WC-0775,Priya Patel,2026-09-25,11:00,RECEIVING/MAIL/REPROGRAPHICS,201021,201021-T1,Trash,4YD,75,No,,No,,Yes,No,No,,,,
WC-0776,Kevin Nguyen,2026-09-25,11:15,BOOKSTORE,202469,202469-R1,Recycling,4YD,75,No,,Yes,Liquids in container,Yes,No,No,,,,
WC-0777,Marcus Alvarez,2026-09-25,11:15,KADEMA/LASSEN,201013,201013-T1,Trash,4YD,75,No,,No,,Yes,No,No,,,,
WC-0778,Marcus Alvarez,2026-09-25,11:15,KADEMA/LASSEN,201013,201013-T3,Trash,4YD,50,No,,No,,Yes,No,No,,,,
WC-0779,Marcus Alvarez,2026-09-25,11:15,KADEMA/LASSEN,201013,201013-T4,Trash,4YD,0,No,,No,,Yes,No,No,,,,
WC-0780,Jasmine Chen,2026-09-25,11:45,AMADOR,201005,201005-T1,Trash,4YD,100,No,,No,,Yes,No,No,,Requested signage refresh near bin.,,
WC-0781,Jasmine Chen,2026-09-25,11:45,ASSOC STUDENT/CHIL,206805,206805-R1,Recycling,3YD,25,No,,No,,Yes,No,No,,,,
WC-0782,Kevin Nguyen,2026-09-25,11:45,KLAMATH HALL,201029,201029-T1,Trash,4YD,100,No,,No,,Yes,Yes,No,,,,
WC-0783,Priya Patel,2026-09-25,12:00,FM TRAILERS,201046,201046-O6,Organics,5YD,100,No,,No,,Yes,No,No,,"High foot traffic area, monitor closely.",,
WC-0784,Marcus Alvarez,2026-09-25,12:00,FM TRAILERS/FTBALL,206878,206878-T2,Trash,5YD,50,No,,No,,Yes,No,No,,"High foot traffic area, monitor closely.",,
WC-0785,Jasmine Chen,2026-09-25,12:15,DRAPER HALL,201030,201030-T1,Trash,4YD,75,No,,No,,Yes,No,No,,Requested signage refresh near bin.,,
WC-0786,Priya Patel,2026-09-25,12:15,FM TRAILERS,201046,201046-T1,Trash,5YD,100,No,,No,,Yes,No,No,,"High foot traffic area, monitor closely.",,
WC-0787,Priya Patel,2026-09-25,12:15,FM TRAILERS,201046,201046-O1,Organics,5YD,50,No,,No,,Yes,No,No,,,,
WC-0788,Priya Patel,2026-09-25,12:15,FM TRAILERS,201046,201046-O2,Organics,5YD,50,No,,No,,Yes,No,No,,,,
WC-0789,Priya Patel,2026-09-25,12:15,FM TRAILERS,201046,201046-O3,Organics,5YD,50,No,,No,,Yes,No,No,,,,
WC-0790,Priya Patel,2026-09-25,12:15,FM TRAILERS,201046,201046-O7,Organics,5YD,75,No,,No,,Yes,No,No,,Coordinated with building manager on placement.,,
WC-0791,Priya Patel,2026-09-25,12:15,FM TRAILERS,201046,201046-O10,Organics,5YD,50,No,,No,,Yes,No,No,,,,
WC-0792,Marcus Alvarez,2026-09-25,12:15,FM TRAILERS/FTBALL,206878,206878-T1,Trash,5YD,75,No,,No,,Yes,No,No,,,,
WC-0793,Marcus Alvarez,2026-09-25,12:15,FM TRAILERS/FTBALL,206878,206878-T4,Trash,5YD,100,No,,No,,Yes,Yes,No,,,,
WC-0794,Priya Patel,2026-09-25,12:30,FM TRAILERS,201046,201046-T2,Trash,5YD,50,No,,No,,Yes,No,No,,,,
WC-0795,Priya Patel,2026-09-25,12:30,FM TRAILERS,201046,201046-T5,Trash,5YD,50,No,,Yes,Recyclables in trash,Yes,No,No,,"High foot traffic area, monitor closely.",,
WC-0796,Priya Patel,2026-09-25,12:30,FM TRAILERS,201046,201046-O5,Organics,5YD,50,No,,No,,Yes,No,No,,Coordinated with building manager on placement.,,
WC-0797,Priya Patel,2026-09-25,12:30,FM TRAILERS,201046,201046-O8,Organics,5YD,25,No,,No,,Yes,No,No,,,,
WC-0798,Priya Patel,2026-09-25,12:30,FM TRAILERS,201046,201046-O9,Organics,5YD,100,No,,No,,Yes,Yes,No,,,,
WC-0799,Priya Patel,2026-09-25,12:45,FM TRAILERS,201046,201046-T3,Trash,5YD,25,No,,No,,Yes,No,No,,"High foot traffic area, monitor closely.",,
WC-0800,Priya Patel,2026-09-25,12:45,FM TRAILERS,201046,201046-T4,Trash,5YD,75,No,,No,,Yes,No,No,,,,
WC-0801,Priya Patel,2026-09-25,12:45,FM TRAILERS,201046,201046-O4,Organics,5YD,75,No,,Yes,Mixed trash in organics,Yes,No,No,,,,
WC-0802,Priya Patel,2026-09-25,12:45,FM TRAILERS,201046,201046-O11,Organics,5YD,25,No,,No,,Yes,No,No,,Requested signage refresh near bin.,,
WC-0803,Priya Patel,2026-09-25,12:45,FM TRAILERS,201046,201046-O12,Organics,5YD,50,No,,No,,Yes,No,No,,Requested signage refresh near bin.,,
WC-0804,Marcus Alvarez,2026-09-25,12:45,FM TRAILERS/FTBALL,206878,206878-T3,Trash,5YD,50,No,,No,,Yes,No,No,,,,
WC-0805,Marcus Alvarez,2026-09-25,12:45,FM TRAILERS/FTBALL,206878,206878-T5,Trash,5YD,50,No,,No,,Yes,No,No,,Coordinated with building manager on placement.,,
WC-0806,David Ortiz,2026-09-25,12:45,RIVERSIDE ENGINEERING,201022,201022-T1,Trash,4YD,75,No,,No,,Yes,No,No,,,,
WC-0807,David Ortiz,2026-09-25,12:45,RIVERSIDE ENGINEERING,201022,201022-T2,Trash,4YD,75,No,,Yes,Recyclables in trash,Yes,No,No,,,,
WC-0808,Marcus Alvarez,2026-09-25,13:00,SACRAMENTO,201023,201023-T1,Trash,4YD,100,No,,No,,Yes,Yes,No,,Coordinated with building manager on placement.,,
WC-0809,Marcus Alvarez,2026-09-25,13:15,SACRAMENTO,201023,201023-T2,Trash,4YD,50,No,,No,,Yes,No,No,,,,
WC-0810,David Ortiz,2026-09-25,13:30,ART SCULPTURE LAB,201007,201007-T1,Trash,4YD,25,No,,No,,Yes,No,No,,Coordinated with building manager on placement.,,
